name,comnum,company,display,clevel,cpu,cpu2,cpu3,os,memory,ssd,weight,glevel,graphic,price
MSI 모던시리즈 모던14 B5M-R5,1,MSI,14,3,AMD,라이젠5-4세대,5500U ,미포함(프리도스),8,512,1.3,1,Radeon Graphics,598990
MSI 모던시리즈 모던14 B11M-i5 카본 그레이,1,MSI,14,3,인텔,코어i5-11세대,i5-1155G7 ,미포함(프리도스),8,512,1.3,1,Radeon Graphics,599000
레노버 V15 G2 82KD000UKR 8GB램,1,레노버,15.6,3,AMD,라이젠5-4세대,5500U ,미포함(프리도스),8,256,1.7,1,Radeon Graphics,517990
삼성전자 노트북 플러스2 NT550XDZ-AD3A,2,삼성전자,15.6,1,인텔,코어i3-11세대,i3-1115G4 ,미포함(프리도스),8,256,1.81,1,UHD Graphics,597990
HP 파빌리온 15-eh1052AU,1,HP,15.6,1,AMD,라이젠3-4세대,5300U ,미포함(프리도스),8,256,1.75,1,Radeon Graphics,529000
MSI 모던시리즈 모던14 B11MOU-i5,1,MSI,14,3,인텔,코어i5-11세대,i5-1155G7 ,미포함(프리도스),4,256,1.3,1,Iris Xe,549000
ASUS X415EA-EB030,1,ASUS,14,3,인텔,코어i5-11세대,i5-1135G7 ,미포함(프리도스),8,256,1.55,1,Iris Xe,569000
레노버 V15 G2 82KD000WKR,1,레노버,15.6,3,AMD,라이젠5-4세대,5500U ,윈도우10,4,256,1.7,1,Radeon Graphics,599000
MSI 모던시리즈 모던14 B11MO-i3,1,MSI,14,2,인텔,코어i3-11세대,i3-1115G4 ,미포함(프리도스),8,256,1.3,1,UHD Graphics,554000
MSI 모던시리즈 모던14 B11MOU-i3,1,MSI,14,2,인텔,코어i3-11세대,i3-1115G4 ,미포함(프리도스),8,256,1.3,1,UHD Graphics,520000
ASUS X515EA-BQ042 8GB램,1,ASUS,15.6,2,인텔,코어i3-11세대,i3-1115G4 ,미포함(프리도스),8,256,1.8,1,UHD Graphics,548850
LG전자 2021 울트라PC 15UD50P-GX30K,2,LG전자,15.6,2,인텔,코어i3-11세대,i3-1115G4 ,미포함(프리도스),8,128,1.8,1,UHD Graphics,586090
레노버 아이디어패드 Slim3-15ALC R5,1,레노버,15.6,3,AMD,라이젠5-4세대,5500U ,미포함(프리도스),4,256,1.65,1,Radeon Graphics,549000
HP Nero 15s-eq3043AU,1,HP,15.6,3,AMD,라이젠5-4세대,5500U ,미포함(프리도스),8,256,1.69,1,Radeon Graphics,564000
레노버 아이디어패드 Slim3-17ITL PD,1,레노버,17.3,1,인텔,펜티엄 골드,7505,미포함(프리도스),8,256,2.1,1,UHD Graphics,559000
HP 15s-eq2244AU,1,HP,15.6,3,AMD,라이젠5-4세대,5500U ,미포함(프리도스),4,256,1.69,1,Radeon Graphics,529000
LG전자 PC그램 15Z960 코어i5,2,LG전자,15.6,0,인텔,코어i5-6세대,i5-6200U ,윈도우10,8,240,1.25,1,Radeon Graphics,560070
삼성전자 노트북 NT350XCR-AD3AW,2,삼성전자,15.6,1,인텔,코어i3-10세대,i3-10110U ,미포함(프리도스),8,256,1.81,1,UHD Graphics,590000
ASUS X515EA-BQ042 WIN10 8GB램,1,ASUS,15.6,2,인텔,코어i3-11세대,i3-1115G4 ,윈도우10,8,256,1.8,1,UHD Graphics,535990
레노버 아이디어패드 Slim3-15ITL 3D 8GB램,1,레노버,15.6,2,인텔,코어i3-11세대,i3-1115G4 ,미포함(프리도스),8,256,1.65,1,UHD Graphics,531080
레노버 아이디어패드 Slim3-15ALC R5 8GB램,1,레노버,15.6,3,AMD,라이젠5-4세대,5500U ,미포함(프리도스),8,256,1.65,1,Radeon Graphics,599000
레노버 씽크북 14 G3 ACL-21A2000GKR,1,레노버,14,3,AMD,라이젠5-4세대,5500U ,미포함(프리도스),8,256,1.4,1,Radeon Graphics,579000
삼성전자 노트북 플러스2 NT550XDA-K24A,2,삼성전자,15.6,1,인텔,펜티엄 골드,7505,윈도우10 프로,4,128,1.81,1,UHD Graphics,569050
삼성전자 노트북 플러스 NT550XCJ-K24W 8GB램,2,삼성전자,15.6,1,인텔,펜티엄 골드,6405U ,윈도우10,8,128,1.81,1,UHD Graphics,547760
ASUS D515UA-BQ022,1,ASUS,15.6,3,AMD,라이젠5-4세대,5500U ,미포함(프리도스),8,256,1.9,1,Radeon Graphics,598990
레노버 V15 G2 82KD000UKR,1,레노버,15.6,3,AMD,라이젠5-4세대,5500U ,미포함(프리도스),4,500,1.7,1,Radeon Graphics,534840
HP 255 G8-46U34PC,1,HP,15.6,3,AMD,라이젠5-4세대,5500U ,미포함(프리도스),8,256,1.74,1,Radeon Graphics,587000
삼성전자 노트북 플러스2 NT550XDA-K14A,2,삼성전자,15.6,1,인텔,셀러론,6305,윈도우11프로,4,256,1.81,1,UHD Graphics,537150
HP 파빌리온 13-bb0531TU,1,HP,13.3,2,인텔,코어i3-11세대,i3-1115G4 ,미포함(프리도스),8,256,1.25,1,UHD Graphics,569000
HP 15s-eq2242AU W11,1,HP,15.6,1,AMD,라이젠3-4세대,5300U ,윈도우11홈,4,256,1.69,1,Radeon Graphics,529000
레노버 아이디어패드 Slim3-15ITL 5D WIN10,1,레노버,15.6,3,인텔,코어i5-11세대,i5-1135G7 ,윈도우10,8,256,1.65,1,Iris Xe,615230
ASUS 비보북 15 OLED S513EA-LCP05,1,ASUS,15.6,3,인텔,코어i5-11세대,i5-1135G7 ,미포함(프리도스),8,256,1.8,1,Iris Xe,673350
레노버 아이디어패드 Slim3-15ITL 5D WIN10 16GB램,1,레노버,15.6,3,인텔,코어i5-11세대,i5-1135G7 ,윈도우10,16,256,1.65,1,Iris Xe,630720
ASUS 비보북 X513EA-BQ031,1,ASUS,15.6,3,인텔,코어i5-11세대,i5-1135G7 ,미포함(프리도스),8,256,1.8,1,Iris Xe,629980
LG전자 2020 울트라PC 15UD50N-GX50K WIN10,2,LG전자,15.6,2,인텔,코어i5-10세대,i5-10210U ,윈도우10,8,256,1.75,1,UHD Graphics,687990
DELL 인스피론 15 3511 DN3511-UB02KR 16GB램,1,DELL,15.6,3,인텔,코어i5-11세대,i5-1135G7 ,리눅스(우분투),16,256,1.73,1,Iris Xe,622270
삼성전자 노트북 NT350XCR-A78MW,2,삼성전자,15.6,3,인텔,코어i7-10세대,i7-10510U ,미포함(프리도스),8,256,1.81,1,UHD Graphics,650990
레노버 아이디어패드 Slim3-15ITL 5D 16GB램,1,레노버,15.6,3,인텔,코어i5-11세대,i5-1135G7 ,미포함(프리도스),16,256,1.65,1,Iris Xe,638990
MSI 모던시리즈 모던14 B5M-R5 16GB램,1,MSI,14,3,AMD,라이젠5-4세대,5500U ,미포함(프리도스),16,512,1.3,1,Radeon Graphics,642390
레노버 아이디어패드 Slim3-15ITL 5D,1,레노버,15.6,3,인텔,코어i5-11세대,i5-1135G7 ,미포함(프리도스),8,256,1.65,1,Iris Xe,613890
삼성전자 노트북 플러스2 NT550XDZ-AD5AW,2,삼성전자,15.6,3,인텔,코어i5-11세대,i5-1135G7 ,미포함(프리도스),8,256,1.81,1,Iris Xe,698980
HP 파빌리온 15-eg1110TU,1,HP,15.6,3,인텔,코어i5-11세대,i5-1155G7 ,미포함(프리도스),8,256,1.74,1,Iris Xe,629000
MSI 모던시리즈 모던14 B11M-i7 카본 그레이,1,MSI,14,5,인텔,코어i7-11세대,i7-1195G7 ,미포함(프리도스),8,512,1.3,1,UHD Graphics,699000
ASUS 비보북 X413EA-EB086,1,ASUS,14,3,인텔,코어i5-11세대,i5-1135G7 ,미포함(프리도스),8,256,1.4,1,Iris Xe,639000
MSI 모던시리즈 모던14 B5M-R7,1,MSI,14,4,AMD,라이젠7-4세대,5700U ,미포함(프리도스),8,512,1.3,1,Radeon Graphics,698970
MSI 모던시리즈 모던14 B5M-R5 WIN10,1,MSI,14,3,AMD,라이젠5-4세대,5500U ,윈도우10,8,512,1.3,1,Radeon Graphics,680000
MSI 모던시리즈 모던15 A11M-i5 카본 그레이,1,MSI,15.6,3,인텔,코어i5-11세대,i5-1135G7 ,미포함(프리도스),8,256,1.3,1,Iris Xe,648990
레노버 V15 G2 82KD000VKR,1,레노버,15.6,4,AMD,라이젠7-4세대,5700U ,미포함(프리도스),8,256,1.7,1,Radeon Graphics,628990
HP 14s-dq2005TU,1,HP,14,3,인텔,코어i5-11세대,i5-1135G7 ,미포함(프리도스),8,256,1.46,1,Iris Xe,624000
MSI 모던시리즈 모던14 B11MOU-i5 베이지 무스,1,MSI,14,3,인텔,코어i5-11세대,i5-1155G7 ,미포함(프리도스),8,512,1.3,1,UHD Graphics,690000
MSI 모던시리즈 모던14 B5M-R5,1,MSI,14,3,AMD,라이젠5-4세대,5500U ,미포함(프리도스),8,1000,1.3,1,Radeon Graphics,670000
ASUS 비보북 S14 S433EA-AM605,1,ASUS,14,3,인텔,코어i5-11세대,i5-1135G7 ,미포함(프리도스),8,512,1.4,1,Iris Xe,665550
MSI 모던시리즈 모던14 B11MO-i3,1,MSI,14,2,인텔,코어i3-11세대,i3-1115G4 ,미포함(프리도스),8,500,1.3,1,UHD Graphics,666160
MSI 모던시리즈 모던14 B11MO-i3 16GB램,1,MSI,14,2,인텔,코어i3-11세대,i3-1115G4 ,미포함(프리도스),16,256,1.3,1,UHD Graphics,683280
MSI 모던시리즈 모던14 B4MW-R5 오닉스 블랙,1,MSI,14,2,AMD,라이젠5-3세대,4500U ,미포함(프리도스),8,256,1.3,1,Radeon Graphics,678000
MSI 모던시리즈 모던14 A10M-i5,1,MSI,14,2,인텔,코어i5-10세대,i5-10210U ,미포함(프리도스),8,256,1.19,1,UHD Graphics,658600
MSI 모던시리즈 모던14 B10MW-i3,1,MSI,14,1,인텔,코어i3-10세대,i3-10110U ,미포함(프리도스),8,500,1.3,1,UHD Graphics,650000
MSI 모던시리즈 모던14 B10MW-i3 16GB램,1,MSI,14,1,인텔,코어i3-10세대,i3-10110U ,미포함(프리도스),16,256,1.3,1,UHD Graphics,650000
레노버 V14-ARE 82DQ0039KR,1,레노버,14,4,AMD,라이젠7-3세대,4700U ,미포함(프리도스),8,256,1.46,1,Radeon Graphics,629000
MSI 모던시리즈 모던14 A10M-i5 카본 그레이,1,MSI,14,2,인텔,코어i5-10세대,i5-10210U ,미포함(프리도스),8,256,1.18,1,UHD Graphics,658600
삼성전자 2021 갤럭시북 NT750XDZ-AM58S,2,삼성전자,15.6,3,인텔,코어i5-11세대,i5-1135G7 ,미포함(프리도스),8,256,1.55,1,Iris Xe,733490
LG전자 2022 울트라PC 15UD40Q-GX50K,2,LG전자,15.6,3,AMD,라이젠5-4세대,5500U ,미포함(프리도스),8,256,1.75,1,Radeon Graphics,708990
LG전자 2021 울트라PC 15UD50P-GX50K,2,LG전자,15.6,3,인텔,코어i5-11세대,i5-1135G7 ,미포함(프리도스),8,256,1.8,1,Iris Xe,721880
레노버 게이밍 3i 15IMH I5 LEGEND PRO,1,레노버,15.6,2,인텔,코어i5-10세대,i5-10300H ,미포함(프리도스),8,256,2.2,3,GTX1650 Ti,787000
LG전자 2021 울트라PC 15UD50P-GX50K WIN10,2,LG전자,15.6,3,인텔,코어i5-11세대,i5-1135G7 ,윈도우10,8,256,1.8,1,Iris Xe,753290
LG전자 2022 울트라PC 15UD40Q-GX50K 16GB램,2,LG전자,15.6,3,AMD,라이젠5-4세대,5500U ,미포함(프리도스),16,256,2.2,1,Radeon Graphics,751120
LG전자 2021 울트라PC 15UD50P-GX30K WIN10,2,LG전자,15.6,2,인텔,코어i3-11세대,i3-1115G4 ,윈도우10,8,500,1.8,1,UHD Graphics,713390
레노버 아이디어패드 Slim3-15ITL 5D WIN10 16GB램,1,레노버,15.6,3,인텔,코어i5-11세대,i5-1135G7 ,윈도우10,16,500,1.65,1,Iris Xe,729250
삼성전자 노트북 플러스2 NT550XDZ-AD5A WIN10 16GB램,2,삼성전자,15.6,3,인텔,코어i5-11세대,i5-1135G7 ,윈도우10,16,256,1.81,1,Iris Xe,790300
MSI 모던시리즈 모던14 B5M-R7 16GB램,1,MSI,14,4,AMD,라이젠7-4세대,5700U ,미포함(프리도스),16,512,1.3,1,Radeon Graphics,791490
MSI 모던시리즈 모던14 B5M-R5 WIN10 16GB램,1,MSI,14,3,AMD,라이젠5-4세대,5500U ,윈도우10,16,512,1.3,1,Radeon Graphics,711990
레노버 아이디어패드 Slim5 Pro 14ITL6 82L3004EKR,1,레노버,14,3,인텔,코어i5-11세대,i5-1135G7 ,미포함(프리도스),8,512,1.45,2,MX450,799000
MSI 모던시리즈 모던14 B5M-R7 WIN10,1,MSI,14,4,AMD,라이젠7-4세대,5700U ,윈도우10,8,512,1.3,1,Radeon Graphics,786590
MSI 모던시리즈 모던14 B5M-R5 16GB램,1,MSI,14,3,AMD,라이젠5-4세대,5500U ,미포함(프리도스),16,1000,1.3,1,Radeon Graphics,720000
MSI 모던시리즈 모던15 A11M-i5 카본 그레이 16GB램,1,MSI,15.6,3,인텔,코어i5-11세대,i5-1135G7 ,미포함(프리도스),16,512,1.6,1,Iris Xe,780190
MSI 모던시리즈 모던15 A11M 카본 그레이,1,MSI,15.6,4,인텔,코어i7-11세대,i7-1195G7 ,미포함(프리도스),8,512,1.6,1,Iris Xe,749000
MSI 모던시리즈 모던14 B11M-i5 카본 그레이 WIN10,1,MSI,14,3,인텔,코어i5-11세대,i5-1155G7 ,윈도우10,8,512,1.3,1,Radeon Graphics,763990
MSI 모던시리즈 모던14 B11MOU-i5 베이지 무스 16GB램,1,MSI,14,3,인텔,코어i5-11세대,i5-1155G7 ,미포함(프리도스),16,512,1.3,1,Radeon Graphics,737890
MSI 모던시리즈 모던14 B11M-i5 카본 그레이 16GB램,1,MSI,14,3,인텔,코어i5-11세대,i5-1155G7 ,미포함(프리도스),16,512,1.3,1,Radeon Graphics,750720
MSI 모던시리즈 모던14 B11MOU-i5 베이지 무스 WIN10 16GB램,1,MSI,14,3,인텔,코어i5-11세대,i5-1155G7 ,윈도우10,16,512,1.3,1,Radeon Graphics,798980
MSI 모던시리즈 모던14 B5M-R5 32GB램,1,MSI,14,3,AMD,라이젠5-4세대,5500U ,미포함(프리도스),32,512,1.3,1,Radeon Graphics,790000
MSI 모던시리즈 모던15 A11M-i5 카본 그레이,1,MSI,15.6,3,인텔,코어i5-11세대,i5-1135G7 ,미포함(프리도스),8,1000,1.6,1,Iris Xe,789590
MSI 모던시리즈 모던15 A11M-i5 카본 그레이 WIN10,1,MSI,15.6,3,인텔,코어i5-11세대,i5-1135G7 ,윈도우10,8,512,1.6,1,Iris Xe,788650
MSI 모던시리즈 모던14 B11MOU-i5 베이지 무스 WIN10,1,MSI,14,3,인텔,코어i5-11세대,i5-1155G7 ,윈도우10,8,512,1.3,1,Radeon Graphics,784890
삼성전자 노트북 플러스2 NT550XDZ-AD5A,2,삼성전자,15.6,3,인텔,코어i5-11세대,i5-1135G7 ,미포함(프리도스),8,256,1.81,1,Iris Xe,716830
레노버 아이디어패드 Slim5-15ITL Premiere i5,1,레노버,15.6,3,인텔,코어i5-11세대,i5-1135G7 ,미포함(프리도스),8,256,1.69,2,MX450,799000
MSI 모던시리즈 모던14 B11MO-i3 WIN10 16GB램,1,MSI,14,2,인텔,코어i3-11세대,i3-1115G4 ,윈도우10,16,256,1.3,1,UHD Graphics,728990
ASUS 비보북 S15 S533EQ-BQ024,1,ASUS,15.6,3,인텔,코어i5-11세대,i5-1135G7 ,미포함(프리도스),8,512,1.8,1,Iris Xe,765000
MSI 모던시리즈 모던14 B10MW-i5 카본 그레이 WIN10,1,MSI,14,2,인텔,코어i5-10세대,i5-10210U ,윈도우10,8,256,1.3,1,UHD Graphics,790000
ASUS 비보북 S15 M533IA-BN298,1,ASUS,15.6,4,AMD,라이젠7-3세대,4700U ,미포함(프리도스),8,512,1.8,1,Radeon Graphics,799000
ASUS 비보북 16X X1603ZA-MB139,1,ASUS,16,4,인텔,코어i5-12세대,i5-12500H ,미포함(프리도스),8,256,1.87,1,Iris Xe,849000
LG전자 2021 울트라PC 15U50P-GR56K,2,LG전자,15.6,3,인텔,코어i5-11세대,i5-1135G7 ,윈도우10,8,256,1.8,1,Iris Xe,864980
레노버 게이밍 3 15ACH R5 3050,1,레노버,15.6,3,AMD,라이젠5-4세대,5600H ,미포함(프리도스),8,256,2.25,4,RTX3050,850000
삼성전자 갤럭시북S NT767XCL-KC58S,2,삼성전자,13.3,2,인텔,코어i5-10세대,i5-L16G7 ,윈도우10,8,256,1,1,UHD Graphics,869990
LG전자 2021 울트라PC 15UD50P-GX50K 16GB램,2,LG전자,15.6,3,인텔,코어i5-11세대,i5-1135G7 ,미포함(프리도스),16,500,1.8,1,Iris Xe,809460
삼성전자 2021 갤럭시북 NT750XDA-KF59U,2,삼성전자,15.6,3,인텔,코어i5-11세대,i5-1135G7 ,윈도우11홈,8,256,1.55,1,Iris Xe,873080
LG전자 2022 울트라PC 15UD40Q-GX50K 16GB램,2,LG전자,15.6,3,AMD,라이젠5-4세대,5500U ,미포함(프리도스),16,512,1.75,1,Radeon Graphics,804990
LG전자 2022 울트라PC 15UD40Q-GX50K WIN10 16GB램,2,LG전자,15.6,3,AMD,라이젠5-4세대,5500U ,윈도우10,16,256,1.75,1,Radeon Graphics,802420
LG전자 2021 울트라PC 15UD50P-GX50K WIN10 16GB램,2,LG전자,15.6,3,인텔,코어i5-11세대,i5-1135G7 ,윈도우10,16,256,1.8,1,Iris Xe,808490
ASUS TUF Gaming F15 FX506LH-HN004,1,ASUS,15.6,2,인텔,코어i5-10세대,i5-10300H ,미포함(프리도스),8,512,2.3,3,GTX1650,849000
삼성전자 갤럭시북S NT767XCL-KLTE,2,삼성전자,13.3,2,인텔,코어i5-10세대,i5-L16G7 ,윈도우10,8,512,1,1,UHD Graphics,873000
레노버 아이디어패드 Slim5-15ITL Premiere Plus i5,1,레노버,15.6,3,인텔,코어i5-11세대,i5-1135G7 ,미포함(프리도스),16,256,1.69,2,MX450,849000
삼성전자 노트북 플러스2 NT550XDZ-AD5A WIN10 16GB램,2,삼성전자,15.6,3,인텔,코어i5-11세대,i5-1135G7 ,윈도우10,16,500,1.81,1,Iris Xe,882560
레노버 게이밍 3i 15IHU i5 3050,1,레노버,15.6,3,인텔,코어i5-11세대,i5-11300H,미포함(프리도스),8,256,2.2,4,RTX3050,899000
MSI GF시리즈 GF63 Thin 10SC-i5 비전,1,MSI,15.6,2,인텔,코어i5-10세대,i5-10500H ,미포함(프리도스),8,256,1.77,3,GTX1650,849130
ASUS 비보북 S14 S433EQ-AM214,1,ASUS,14,3,인텔,코어i5-11세대,i5-1135G7 ,미포함(프리도스),8,512,1.4,2,MX450,810820
MSI 모던시리즈 모던14 B5M-R7 WIN10 16GB램,1,MSI,14,4,AMD,라이젠7-4세대,5700U ,윈도우10,16,512,1.3,1,Radeon Graphics,894890
레노버 요가 Slim7-14ARE R7 Max,1,레노버,14,4,AMD,라이젠7-3세대,4800U ,윈도우10,16,512,1.39,1,Radeon Graphics,889530
MSI 모던시리즈 모던14 B5M-R7,1,MSI,14,4,AMD,라이젠7-4세대,5700U ,미포함(프리도스),8,1000,1.3,1,Radeon Graphics,875050
MSI 모던시리즈 모던14 B5M-R7 16GB램,1,MSI,14,4,AMD,라이젠7-4세대,5700U ,미포함(프리도스),16,1000,1.3,1,Radeon Graphics,892990
레노버 아이디어패드 Slim5-14ITL 5D M16,1,레노버,14,3,인텔,코어i5-11세대,i5-1135G7 ,미포함(프리도스),16,256,1.39,2,MX450,828950
MSI 모던시리즈 모던15 A11M-i5 카본 그레이 WIN10 16GB램,1,MSI,15.6,3,인텔,코어i5-11세대,i5-1135G7 ,윈도우10,16,512,1.6,1,Iris Xe,827190
MSI GF시리즈 Sword GF66 A11SC-i5 화이트,1,MSI,15.6,3,인텔,코어i5-11세대,i5-11400H ,미포함(프리도스),8,512,2.25,3,GTX1650,899000
MSI 모던시리즈 모던14 B11MOU-i5 베이지 무스 WIN10,1,MSI,14,3,인텔,코어i5-11세대,i5-1155G7 ,윈도우10,8,1000,1.3,1,Radeon Graphics,874190
MSI 프레스티지 14 EVO A11M-i5 WIN10,1,MSI,14,3,인텔,코어i5-11세대,i5-1135G7 ,윈도우10,16,512,1.29,1,Iris Xe,899000
MSI 모던시리즈 모던15 A11M-i7 카본 그레이 16GB램,1,MSI,15.6,4,인텔,코어i7-11세대,i7-1165G7 ,미포함(프리도스),16,512,1.6,1,Iris Xe,898990
MSI GF시리즈 Sword GF66 A11SC-i5 블랙,1,MSI,15.6,3,인텔,코어i5-11세대,i5-11400H ,미포함(프리도스),8,512,2.25,3,GTX1650,899000
레노버 요가 Slim7-14ARE R5 Max,1,레노버,14,2,AMD,라이젠5-3세대,4600U ,윈도우10,8,512,1.39,1,Radeon Graphics,828990
레노버 아이디어패드 Slim5-15ITL Premiere i5 WIN10,1,레노버,15.6,3,인텔,코어i5-11세대,i5-1135G7 ,윈도우10,8,256,1.69,2,MX450,889000
MSI 모던시리즈 모던14 B11MOU-i7 16GB램,1,MSI,14,4,인텔,코어i7-11세대,i7-1165G7 ,미포함(프리도스),16,512,1.3,1,Iris Xe,844950
삼성전자 2021 갤럭시북 NT750XDZ-A51A WIN10,2,삼성전자,15.6,3,인텔,코어i5-11세대,i5-1135G7 ,윈도우10,16,256,1.55,1,Iris Xe,947930
레노버 요가 Slim7 Carbon13ITL5 82EV0033KR,1,레노버,13,3,인텔,코어i5-11세대,i5-1135G7 ,미포함(프리도스),8,256,1,1,Iris Xe,930020
레노버 게이밍 3 15ACH R5 3050Ti,1,레노버,15.6,3,AMD,라이젠5-4세대,5600H ,미포함(프리도스),8,256,2.25,4,RTX3050Ti,1000000
레노버 아이디어패드 Slim5-14ITL 5W M16,1,레노버,14,3,인텔,코어i5-11세대,i5-1135G7 ,윈도우10,16,256,1.39,2,MX450,938960
HP 파빌리온 15-eg1121TU 16GB램,1,HP,15.6,4,인텔,코어i7-11세대,i7-1195G7 ,미포함(프리도스),16,256,1.74,1,Iris Xe,931530
MSI 모던시리즈 모던14 B5M-R7 32GB램,1,MSI,14,4,AMD,라이젠7-4세대,5700U ,미포함(프리도스),32,512,1.3,1,Radeon Graphics,919590
MSI 모던시리즈 모던14 B5M-R7 WIN10 16GB램,1,MSI,14,4,AMD,라이젠7-4세대,5700U ,윈도우10,16,1000,1.3,1,Radeon Graphics,983240
MSI 모던시리즈 모던14 B5M-R7 WIN10,1,MSI,14,4,AMD,라이젠7-4세대,5700U ,윈도우10,8,1000,1.3,1,Radeon Graphics,958790
ASUS 젠북 13 OLED UM325UAZ-KG005,1,ASUS,13.3,4,AMD,라이젠7-4세대,5700U ,미포함(프리도스),16,512,1.14,1,Radeon Graphics,927500
레노버 요가 BOOK C930 ZA3S0026KR,1,레노버,10.9,0,인텔,코어i5-7세대,i5-7Y54 ,윈도우10,4,256,0.7,0,HD Graphics,990000
MSI GF시리즈 GF63 Thin 10SC-i5 비전 WIN10,1,MSI,15.6,2,인텔,코어i5-10세대,i5-10500H ,윈도우10,8,256,1.77,3,GTX1650,927180
MSI 써밋 B14 A11M,1,MSI,14,4,인텔,코어i7-11세대,i7-1165G7 ,미포함(프리도스),16,512,1.3,1,Iris Xe,939990
MSI GF시리즈 Sword GF66 A11SC-i5 화이트 16GB램,1,MSI,15.6,3,인텔,코어i5-11세대,i5-11400H ,미포함(프리도스),16,512,2.25,3,GTX1650,997440
MSI 모던시리즈 모던14 B11MOU-i7 WIN10 16GB램,1,MSI,14,4,인텔,코어i7-11세대,i7-1165G7 ,윈도우10,16,512,1.3,1,Iris Xe,918060
레노버 게이밍 3i 15IHU i5 3050Ti,1,레노버,15.6,3,인텔,코어i5-11세대,i5-11300H,미포함(프리도스),8,256,2.2,4,RTX3050Ti,996000
MSI GF시리즈 Sword GF66 A11SC-i5 블랙 WIN10,1,MSI,15.6,3,인텔,코어i5-11세대,i5-11400H ,윈도우10,8,512,2.25,3,GTX1650,996710
ASUS 비보북 S15 S533EQ-BN174,1,ASUS,15.6,3,인텔,코어i5-11세대,i5-1135G7 ,미포함(프리도스),8,512,1.8,2,MX450,977160
MSI GF시리즈 GF63 Thin 10SC-i5 비전 16GB램,1,MSI,15.6,2,인텔,코어i5-10세대,i5-10500H ,미포함(프리도스),16,256,1.77,3,GTX1650,953350
MSI 프레스티지 14 EVO A11M-i7 W10,1,MSI,14,4,인텔,코어i7-11세대,i7-1185G7 ,윈도우10,16,512,1.29,1,Iris Xe,999000
레노버 게이밍 3 15ACH R5 3050 W10,1,레노버,15.6,3,AMD,라이젠5-4세대,5600H ,윈도우10,8,256,2.25,4,RTX3050,924000
MSI 모던시리즈 모던15 A11M-i5 카본 그레이 WIN10 16GB램,1,MSI,15.6,3,인텔,코어i5-11세대,i5-1135G7 ,윈도우10,16,512,1.6,1,Iris Xe,905210
MSI 모던시리즈 모던14 B5M-R5 WIN10 32GB램,1,MSI,14,3,AMD,라이젠5-4세대,5500U ,윈도우10,32,512,1.3,1,Radeon Graphics,913990
레노버 아이디어패드 Slim5-15ITL Premiere i7,1,레노버,15.6,4,인텔,코어i7-11세대,i7-1165G7 ,미포함(프리도스),8,256,1.69,2,MX450,959000
레노버 플렉스 5 14ALC R7 W10,1,레노버,14,4,AMD,라이젠7-4세대,5700U ,윈도우10,8,256,1.53,1,Radeon Graphics,969030
MSI GF시리즈 GF63 Thin 10SC-i5 비전,1,MSI,15.6,2,인텔,코어i5-10세대,i5-10500H ,미포함(프리도스),8,512,1.77,3,GTX1650,991710
MSI 모던시리즈 모던15 A11M-i5 카본 그레이,1,MSI,15.6,3,인텔,코어i5-11세대,i5-1135G7 ,미포함(프리도스),8,2000,1.6,1,Iris Xe,998270
MSI 모던시리즈 모던15 A11M-i5 카본 그레이 16GB램,1,MSI,15.6,3,인텔,코어i5-11세대,i5-1135G7 ,미포함(프리도스),16,1000,1.6,1,Iris Xe,902390
MSI 모던시리즈 모던14 B5M-R5 WIN10,1,MSI,14,3,AMD,라이젠5-4세대,5500U ,윈도우10,8,512,1.3,1,Radeon Graphics,984990
MSI 모던시리즈 모던15 A11M-i5 카본 그레이 32GB램,1,MSI,15.6,3,인텔,코어i5-11세대,i5-1135G7 ,미포함(프리도스),32,512,1.6,1,Iris Xe,907090
MSI 모던시리즈 모던14 B11M-i5 카본 그레이 32GB램,1,MSI,14,3,인텔,코어i5-11세대,i5-1155G7 ,미포함(프리도스),32,512,1.3,1,Radeon Graphics,907930
삼성전자 2021 갤럭시북 NT750XDZ-A51A WIN10,2,삼성전자,15.6,3,인텔,코어i5-11세대,i5-1135G7 ,윈도우10,16,256,1.55,1,Iris Xe,1029350
ASUS 비보북 프로 15 K3500PC-KJ153,1,ASUS,15.6,3,인텔,코어i5-11세대,i5-11300H,미포함(프리도스),16,256,1.65,4,RTX3050,1099000
DELL 인스피론 15 5510 DN5510-UB07KR,1,DELL,15.6,4,인텔,코어i7-11세대,i7-11390H ,리눅스(우분투),16,512,1.63,2,MX450,1099000
MSI 모던시리즈 모던14 B5M-R7 WIN10 32GB램,1,MSI,14,4,AMD,라이젠7-4세대,5700U ,윈도우10,32,512,1.3,1,Radeon Graphics,1080990
레노버 게이밍 3 15ACH R5 3050Ti,1,레노버,15.6,3,AMD,라이젠5-4세대,5600H ,미포함(프리도스),8,256,2.25,4,RTX3050Ti,1000000
레노버 아이디어패드 Slim5 Pro 14ITL6 82L3004PKR,1,레노버,14,4,인텔,코어i7-11세대,i7-1165G7 ,미포함(프리도스),16,512,1.45,2,MX450,1049000
MSI GF시리즈 Sword GF66 A11SC-i5 블랙 WIN10 16GB램,1,MSI,15.6,3,인텔,코어i5-11세대,i5-11400H ,윈도우10,16,512,2.25,3,GTX1650,1018390
MSI GF시리즈 Sword GF66 A11SC-i5 블랙 WIN10 32GB램,1,MSI,15.6,3,인텔,코어i5-11세대,i5-11400H ,윈도우10,32,512,2.25,3,GTX1650,1092490
MSI GF시리즈 Sword GF66 A11SC-i5 화이트 WIN10 32GB램,1,MSI,15.6,3,인텔,코어i5-11세대,i5-11400H ,윈도우10,32,512,2.25,3,GTX1650,1063720
MSI 모던시리즈 모던14 B5M-R7 32GB램,1,MSI,14,4,AMD,라이젠7-4세대,5700U ,미포함(프리도스),32,1000,1.3,1,Radeon Graphics,1099790
MSI 모던시리즈 모던14 B5M-R7,1,MSI,14,4,AMD,라이젠7-4세대,5700U ,미포함(프리도스),8,2000,1.3,1,Radeon Graphics,1080990
레노버 요가 Slim7 Carbon13ITL5 82EV0034KR,1,레노버,13,3,인텔,코어i5-11세대,i5-1135G7 ,미포함(프리도스),16,512,1,1,Iris Xe,1048990
ASUS 젠북 13 OLED UM325UAZ-KG004,1,ASUS,13.3,3,AMD,라이젠5-4세대,5500U ,미포함(프리도스),16,512,1.14,1,Radeon Graphics,1098000
MSI GF시리즈 Sword GF66 A11SC-i5 화이트 WIN10 16GB램,1,MSI,15.6,3,인텔,코어i5-11세대,i5-11400H ,윈도우10,16,512,2.25,3,GTX1650,1025980
MSI GF시리즈 Sword GF66 A11SC-i5 블랙 16GB램,1,MSI,15.6,3,인텔,코어i5-11세대,i5-11400H ,미포함(프리도스),16,512,2.25,3,GTX1650,1033960
레노버 요가 Slim7-14ARE 05 R7,1,레노버,14,4,AMD,라이젠7-3세대,4700U ,윈도우10,16,512,1.39,1,Radeon Graphics,1006040
MSI GF시리즈 Sword GF66 A11SC-i5 화이트 WIN10,1,MSI,15.6,3,인텔,코어i5-11세대,i5-11400H ,윈도우10,8,512,2.25,3,GTX1650,1016400
레노버 플렉스 5 14ALC R7 PRO W10,1,레노버,14,4,AMD,라이젠7-4세대,5700U ,윈도우10,16,256,1.53,1,Radeon Graphics,1049000
MSI GF시리즈 Sword GF66 A11SC-i5 화이트 32GB램,1,MSI,15.6,3,인텔,코어i5-11세대,i5-11400H ,미포함(프리도스),32,512,2.25,3,GTX1650,1033580
MSI GF시리즈 GF63 Thin 10SC-i5 WIN10 16GB램,1,MSI,15.6,2,인텔,코어i5-10세대,i5-10300H ,윈도우10,16,512,1.77,3,GTX1650,1018080
MSI GF시리즈 Sword GF66 A11SC-i5 화이트,1,MSI,15.6,3,인텔,코어i5-11세대,i5-11400H ,미포함(프리도스),8,1000,2.25,3,GTX1650,1024030
MSI 프레스티지 14 EVO A11M-i5,1,MSI,14,3,인텔,코어i5-11세대,i5-1135G7 ,미포함(프리도스),16,512,1.29,1,Iris Xe,1049000
MSI GF시리즈 Sword GF66 A11SC-i5 블랙,1,MSI,15.6,3,인텔,코어i5-11세대,i5-11400H ,미포함(프리도스),8,1000,2.25,3,GTX1650,1060050
MSI GF시리즈 GF63 Thin 10SC-i5 비전 WIN10 16GB램,1,MSI,15.6,2,인텔,코어i5-10세대,i5-10500H ,윈도우10,16,256,1.77,3,GTX1650,1021560
MSI 모던시리즈 모던15 A11M 카본 그레이 16GB램,1,MSI,15.6,4,인텔,코어i7-11세대,i7-1195G7 ,미포함(프리도스),16,512,1.6,1,Iris Xe,1029990
MSI 모던시리즈 모던14 B11M-i7 카본 그레이 WIN10 32GB램,1,MSI,14,4,인텔,코어i7-11세대,i7-1195G7 ,윈도우10,32,512,1.3,1,Radeon Graphics,1073370
MSI 모던시리즈 모던15 A11M 카본 그레이 WIN10 16GB램,1,MSI,15.6,4,인텔,코어i7-11세대,i7-1195G7 ,윈도우10,16,512,1.6,1,Iris Xe,1090390
MSI 모던시리즈 모던14 B5M-R5 64GB램,1,MSI,14,3,AMD,라이젠5-4세대,5500U ,미포함(프리도스),64,512,1.3,1,Radeon Graphics,1030000
MSI 프레스티지 14 A10SC 화이트 에디션,1,MSI,14,3,인텔,코어i7-10세대,i7-10710U ,1920x1080(FHD),16,512,1.29,3,GTX1650,1100000
MSI GL시리즈 GL65 Leopard 10SDK,1,MSI,15.6,3,인텔,코어i7-10세대,i7-10750H ,미포함(프리도스),8,512,2.3,4,GTX1660 Ti,1060000
ASUS TUF Gaming F15 FX506HM-HN130,1,ASUS,15.6,3,인텔,코어i5-11세대,i5-11400H ,미포함(프리도스),8,512,2.3,5,RTX3060,1199000
APPLE 2020 맥북에어 MGN93KH/A,1,APPLE,13.3,5,애플(ARM),실리콘 M1,APL1102,macOS Big Sur,8,256,1.29,3,M1 7 core,1171790
APPLE 2020 맥북에어 MGN63KH/A,1,APPLE,13.3,5,애플(ARM),실리콘 M1,APL1102,macOS Big Sur,8,256,1.29,3,M1 7 core,1144180
레노버 아이디어패드 Slim5 Pro 16ACH6 R5 3050,1,레노버,16,3,AMD,라이젠5-4세대,5600H ,미포함(프리도스),16,512,1.94,4,RTX3050,1198000
LG전자 2021 그램14 14ZD90P-GX50K WIN10,2,LG전자,14,3,인텔,코어i5-11세대,i5-1135G7 ,윈도우10,8,256,1,1,Iris Xe,1198490
레노버 게이밍 3 15ACH R7 3050Ti,1,레노버,15.6,4,AMD,라이젠7-4세대,5800H,미포함(프리도스),8,256,2.25,4,RTX3050Ti,1138000
삼성전자 2021 갤럭시북 NT750XDZ-A51A WIN10,2,삼성전자,15.6,3,인텔,코어i5-11세대,i5-1135G7 ,윈도우10,16,256,1.55,1,Iris Xe,1101280
MSI GF시리즈 Sword GF66 A11UD 블랙,1,MSI,15.6,4,인텔,코어i7-11세대,i7-11800H ,미포함(프리도스),8,512,2.25,4,RTX3050Ti,1180000
삼성전자 2021 갤럭시북 NT750XDZ-A71A,2,삼성전자,15.6,4,인텔,코어i7-11세대,i7-1165G7 ,미포함(프리도스),16,512,1.55,1,Iris Xe,1121250
MSI GF시리즈 Sword GF66 A11SC-i5 블랙 WIN10 16GB램,1,MSI,15.6,3,인텔,코어i5-11세대,i5-11400H ,윈도우10,16,1000,2.25,3,GTX1650,1137310
ASUS 젠북 UM425QA-KI064,1,ASUS,14,4,AMD,라이젠7-4세대,5800H ,미포함(프리도스),16,512,1.3,1,Radeon Graphics,1152010
MSI GF시리즈 Sword GF66 A11SC-i7 블랙 WIN10 16GB램,1,MSI,15.6,4,인텔,코어i7-11세대,i7-11800H ,윈도우10,16,512,2.25,3,GTX1650,1199030
MSI GF시리즈 Sword GF76 A11SC 화이트 16GB램,1,MSI,17.3,4,인텔,코어i7-11세대,i7-11800H ,미포함(프리도스),16,512,2.6,3,GTX1650,1188990
레노버 게이밍 3 15ACH R5 3060 PRO,1,레노버,15.6,3,AMD,라이젠5-4세대,5600H ,미포함(프리도스),8,256,2.25,5,RTX3060,1195000
레노버 아이디어패드 Slim5-15ITL Premiere Plus i7 WIN10,1,레노버,15.6,4,인텔,코어i7-11세대,i7-1165G7 ,윈도우10,16,256,1.69,2,MX450,1139000
MSI 모던시리즈 모던14 B5M-R7 64GB램,1,MSI,14,4,AMD,라이젠7-4세대,5700U ,미포함(프리도스),64,512,1.3,1,Radeon Graphics,1137390
MSI 모던시리즈 모던14 B5M-R7 WIN10,1,MSI,14,4,AMD,라이젠7-4세대,5700U ,윈도우10,8,2000,1.3,1,Radeon Graphics,1165590
레노버 요가 Slim7 Carbon13ITL5 82EV004LKR,1,레노버,13,3,인텔,코어i5-11세대,i5-1135G7 ,윈도우10,16,512,1,1,Iris Xe,1148990
HP 17s-cu0021TU WIN10 16GB램,1,HP,17.3,4,인텔,코어i7-11세대,i7-1165G7 ,윈도우10,16,500,2.38,1,Iris Xe,1190000
MSI GF시리즈 Sword GF76 A11SC 블랙 16GB램,1,MSI,17.3,4,인텔,코어i7-11세대,i7-11800H ,미포함(프리도스),16,512,2.6,3,GTX1650,1188990
MSI 크리에이터 15M A10SE-i7,1,MSI,15.6,3,인텔,코어i7-10세대,i7-10750H ,미포함(프리도스),16,512,1.86,5,RTX2060,1150000
MSI 프레스티지 14 A11SCX 카본 그레이,1,MSI,14,4,인텔,코어i7-11세대,i7-1185G7 ,미포함(프리도스),16,512,1.29,3,GTX1650,1149000
MSI GF시리즈 Sword GF66 A11UD 화이트,1,MSI,15.6,4,인텔,코어i7-11세대,i7-11800H ,미포함(프리도스),8,512,2.25,4,RTX3050Ti,1170000
MSI GF시리즈 GF63 Thin 11UC,1,MSI,15.6,4,인텔,코어i7-11세대,i7-11800H ,미포함(프리도스),8,512,1.77,4,RTX3050,1140000
MSI GF시리즈 Sword GF66 A11SC-i5 화이트 WIN10 16GB램,1,MSI,15.6,3,인텔,코어i5-11세대,i5-11400H ,윈도우10,16,1000,2.25,3,GTX1650,1182250
MSI GF시리즈 Sword GF66 A11SC-i7 블랙 WIN10,1,MSI,15.6,4,인텔,코어i7-11세대,i7-11800H ,윈도우10,8,512,2.25,3,GTX1650,1124540
MSI GF시리즈 Sword GF66 A11SC-i7 블랙 16GB램,1,MSI,15.6,4,인텔,코어i7-11세대,i7-11800H ,미포함(프리도스),16,512,2.25,3,GTX1650,1156190
MSI GF시리즈 Sword GF76 A11SC 화이트,1,MSI,17.3,4,인텔,코어i7-11세대,i7-11800H ,미포함(프리도스),8,512,2.6,3,GTX1650,1198990
MSI GF시리즈 Sword GF76 A11SC 블랙,1,MSI,17.3,4,인텔,코어i7-11세대,i7-11800H ,미포함(프리도스),8,512,2.6,3,GTX1650,1198780
MSI GF시리즈 Sword GF66 A11SC-i7 블랙,1,MSI,15.6,4,인텔,코어i7-11세대,i7-11800H ,미포함(프리도스),8,512,2.25,3,GTX1650,1149000
삼성전자 갤럭시북 프로 NT950XDY-A51A WIN10,2,삼성전자,15.6,3,인텔,코어i5-11세대,i5-1135G7 ,윈도우10,16,256,1.05,1,Iris Xe,1203230
ASUS 비보북 프로 15 K3500PC-KJ153,1,ASUS,15.6,3,인텔,코어i5-11세대,i5-11300H ,미포함(프리도스),16,1000,1.65,4,RTX3050,1216600
삼성전자 갤럭시북 프로 NT950XDX-G51A WIN10,2,삼성전자,15.6,3,인텔,코어i5-11세대,i5-1135G7 ,윈도우10,16,256,1.15,2,MX450,1245890
ASUS TUF Dash F15 FX517ZC-HN005 16GB램,1,ASUS,15.6,4,인텔,코어i5-12세대,i5-12450H ,미포함(프리도스),16,512,2,4,RTX3050,1291940
ASUS ROG STRIX G15 G513RC-HN015,1,ASUS,15.6,4,AMD,라이젠7-5세대,6800H ,미포함(프리도스),8,512,2.1,4,RTX3050,1299000
삼성전자 갤럭시북 프로 NT950XDY-A51A,2,삼성전자,15.6,3,인텔,코어i5-11세대,i5-1135G7 ,미포함(프리도스),16,256,1.05,1,Iris Xe,1289900
삼성전자 갤럭시북 프로 NT950XDX-G51A,2,삼성전자,15.6,3,인텔,코어i5-11세대,i5-1135G7 ,미포함(프리도스),16,256,1.15,2,MX450,1272050
APPLE 2020 맥북에어 MGND3KH/A,1,APPLE,13.3,5,애플(ARM),실리콘 M1,APL1102,macOS Big Sur,8,256,1.29,3,M1 7 core,1259990
MSI GF시리즈 GF63 Thin 11UC WIN10 16GB램,1,MSI,15.6,4,인텔,코어i7-11세대,i7-11800H ,윈도우10,16,512,1.77,4,RTX3050,1283190
MSI GF시리즈 Sword GF66 A11UC 화이트 WIN10 16GB램,1,MSI,15.6,4,인텔,코어i7-11세대,i7-11800H ,윈도우10,16,512,2.25,4,RTX3050,1290000
삼성전자 갤럭시북 프로 NT930XDY-A51A,2,삼성전자,13.3,3,인텔,코어i5-11세대,i5-1135G7 ,미포함(프리도스),16,256,1.15,1,Iris Xe,1290000
MSI GF시리즈 Sword GF66 A11SC-i7 블랙 WIN10 16GB램,1,MSI,15.6,4,인텔,코어i7-11세대,i7-11800H ,윈도우10,16,1000,2.25,3,GTX1650,1299430
레노버 아이디어패드 Slim5 Pro16IHU6 Superb i7,1,레노버,16,4,인텔,코어i7-11세대,i7-11370H ,미포함(프리도스),16,512,1.9,2,MX450,1249000
MSI 모던시리즈 모던14 B5M-R7 32GB램,1,MSI,14,4,AMD,라이젠7-4세대,5700U ,미포함(프리도스),32,1000,1.3,1,Radeon Graphics,1231390
레노버 플렉스 5 14ALC R5 W10,1,레노버,14,3,AMD,라이젠5-4세대,5500U ,윈도우10,8,256,1.53,1,Radeon Graphics,1247000
MSI 모던시리즈 모던14 B5M-R7 WIN10 64GB램,1,MSI,14,4,AMD,라이젠7-4세대,5700U ,윈도우10,64,512,1.3,1,Radeon Graphics,1259590
MSI 모던시리즈 모던14 B5M-R7 WIN10 32GB램,1,MSI,14,4,AMD,라이젠7-4세대,5700U ,윈도우10,32,1000,1.3,1,Radeon Graphics,1278390
MSI GF시리즈 Sword GF76 A11UD 블랙,1,MSI,17.3,4,인텔,코어i7-11세대,i7-11800H ,미포함(프리도스),8,512,2.6,4,RTX3050Ti,1298950
레노버 아이디어패드 Slim5-15ITL Premiere Plus i5 WIN10,1,레노버,15.6,3,인텔,코어i5-11세대,i5-1135G7 ,윈도우10,16,256,1.69,2,MX450,1290000
MSI GF시리즈 Sword GF76 A11SC 블랙 WIN10 16GB램,1,MSI,17.3,4,인텔,코어i7-11세대,i7-11800H ,윈도우10,16,512,2.6,3,GTX1650,1227990
MSI 모던시리즈 모던15 A11M 카본 그레이 WIN10 32GB램,1,MSI,15.6,4,인텔,코어i7-11세대,i7-1195G7 ,윈도우10,32,512,1.6,1,Iris Xe,1203190
MSI GF시리즈 Sword GF66 A11SC-i5 블랙 WIN10 32GB램,1,MSI,15.6,3,인텔,코어i5-11세대,i5-11400H ,윈도우10,32,1000,2.25,3,GTX1650,1256580
레노버 요가 Slim7 Carbon13ITL5 82EV005TKR,1,레노버,13,4,인텔,코어i7-11세대,i7-1165G7 ,윈도우10,16,512,1,1,Iris Xe,1248960
MSI GF시리즈 Sword GF76 A11SC 화이트 WIN10,1,MSI,17.3,4,인텔,코어i7-11세대,i7-11800H ,윈도우10,8,512,2.6,3,GTX1650,1218990
MSI GF시리즈 Sword GF76 A11SC 화이트 WIN10 16GB램,1,MSI,17.3,4,인텔,코어i7-11세대,i7-11800H ,윈도우10,16,512,2.6,3,GTX1650,1228900
MSI 써밋 E14 A11SCST,1,MSI,14,4,인텔,코어i7-11세대,i7-1185G7 ,미포함(프리도스),16,1000,1.32,3,GTX1650 Ti,1299000
MSI GF시리즈 Sword GF76 A11UC 블랙,1,MSI,17.3,4,인텔,코어i7-11세대,i7-11800H ,미포함(프리도스),8,512,2.6,4,RTX3050,1290000
MSI GF시리즈 Sword GF66 A11SC-i5 화이트 WIN10 32GB램,1,MSI,15.6,3,인텔,코어i5-11세대,i5-11400H ,윈도우10,32,1000,2.25,3,GTX1650,1257520
MSI GF시리즈 Sword GF66 A11SC-i7 블랙 WIN10 32GB램,1,MSI,15.6,4,인텔,코어i7-11세대,i7-11800H ,윈도우10,32,512,2.25,3,GTX1650,1230240
MSI GF시리즈 GF63 Thin 11UC WIN10,1,MSI,15.6,4,인텔,코어i7-11세대,i7-11800H ,윈도우10,8,512,1.77,4,RTX3050,1237480
LG전자 2022 그램16 16Z95P-GR5KK,2,LG전자,16,3,인텔,코어i5-11세대,i5-1155G7 ,윈도우11홈,8,256,1.19,1,Iris Xe,1351960
LG전자 2022 그램17 17Z95P-GR5KK,2,LG전자,17,3,인텔,코어i5-11세대,i5-1155G7 ,윈도우11홈,8,256,1.35,1,Iris Xe,1389990
MSI GF시리즈 Sword GF76 A11UC 블랙 WIN10 16GB램,1,MSI,17.3,4,인텔,코어i7-11세대,i7-11800H ,윈도우10,16,512,2.6,4,RTX3050,1348990
ASUS 비보북 프로 16X OLED M7600QE-L2041,1,ASUS,16,5,AMD,라이젠9-4세대,5900HX ,미포함(프리도스),16,512,1.95,4,RTX3050Ti,1386170
LG전자 2022 그램15 15ZD95P-GX56K,2,LG전자,15.6,3,인텔,코어i5-11세대,i5-1155G7 ,미포함(프리도스),16,256,1.12,1,Iris Xe,1349950
삼성전자 갤럭시북 프로 NT950XDX-G51A WIN10,2,삼성전자,15.6,3,인텔,코어i5-11세대,i5-1135G7 ,윈도우10,16,256,1.15,2,MX450,1336990
LG전자 2022 그램14 14ZD95P-GX56K,2,LG전자,14,3,인텔,코어i5-11세대,i5-1155G7 ,미포함(프리도스),16,256,1.12,1,Iris Xe,1346400
삼성전자 갤럭시북 프로360 NT930QDY-A51A,2,삼성전자,13.3,3,인텔,코어i5-11세대,i5-1135G7 ,미포함(프리도스),16,256,1.04,1,Iris Xe,1338550
HP 빅터스 16-d1132TX,1,HP,16.1,5,인텔,코어i7-12세대,i7-12700H ,미포함(프리도스),16,256,2.46,4,RTX3050Ti,1399000
MSI GF시리즈 Sword GF66 A11UE 화이트,1,MSI,15.6,4,인텔,코어i7-11세대,i7-11800H ,미포함(프리도스),8,512,2.25,5,RTX3060,1349000
MSI GF시리즈 Sword GF76 A11UC 화이트 WIN10 16GB램,1,MSI,17.3,4,인텔,코어i7-11세대,i7-11800H ,윈도우10,16,512,2.6,4,RTX3050,1348990
삼성전자 갤럭시북 프로 NT950XDY-A51A WIN10,2,삼성전자,15.6,3,인텔,코어i5-11세대,i5-1135G7 ,윈도우10,16,256,1.05,1,Iris Xe,1354090
ASUS 젠북 14X OLED UM5401QA-KN030,1,ASUS,14,5,AMD,라이젠9-4세대,5900HX ,미포함(프리도스),16,512,1.4,1,Radeon Graphics,1398710
MSI GF시리즈 Sword GF76 A11SC 블랙 WIN10 32GB램,1,MSI,17.3,4,인텔,코어i7-11세대,i7-11800H ,윈도우10,32,512,2.6,3,GTX1650,1345990
MSI GF시리즈 Sword GF66 A11UC 블랙 WIN10 16GB램,1,MSI,15.6,4,인텔,코어i7-11세대,i7-11800H ,윈도우10,16,512,2.25,4,RTX3050,1310000
MSI GF시리즈 Sword GF66 A11UD 블랙 16GB램,1,MSI,15.6,4,인텔,코어i7-11세대,i7-11800H ,미포함(프리도스),16,512,2.25,4,RTX3050Ti,1327670
MSI GF시리즈 Sword GF76 A11SC 화이트 WIN10 32GB램,1,MSI,17.3,4,인텔,코어i7-11세대,i7-11800H ,윈도우10,32,512,2.6,3,GTX1650,1345990
MSI 모던시리즈 모던14 B5M-R7 WIN10 64GB램,1,MSI,14,4,AMD,라이젠7-4세대,5700U ,윈도우10,64,1000,1.3,1,Radeon Graphics,1362990
MSI 모던시리즈 모던15 A11M 카본 그레이 64GB램,1,MSI,15.6,4,인텔,코어i7-11세대,i7-1195G7 ,미포함(프리도스),64,1000,1.6,1,Iris Xe,1381790
삼성전자 노트북 플러스2 NT560XDZ-G78A,2,삼성전자,15.6,4,인텔,코어i7-11세대,i7-1165G7 ,미포함(프리도스),8,256,1.85,3,GTX1650 Ti,1379990
MSI 알파 15 B5EEK AMD 어드밴티지 에디션,1,MSI,15.6,4,AMD,라이젠7-4세대,5800H ,미포함(프리도스),8,512,2.35,5,RX 6600M,1399000
MSI 모던시리즈 모던14 B5M-R7 64GB램,1,MSI,14,4,AMD,라이젠7-4세대,5700U ,미포함(프리도스),64,1000,1.3,1,Radeon Graphics,1315990
레노버 요가 Slim7 Carbon13ITL5 82EV0049KR,1,레노버,13,4,인텔,코어i7-11세대,i7-1165G7 ,윈도우10,16,1000,1,1,Iris Xe,1349000
레노버 아이디어패드 Slim5 Pro16IHU6 Superb i7 W10,1,레노버,16,4,인텔,코어i7-11세대,i7-11370H,윈도우10,16,512,1.9,2,MX450,1359000
레노버 게이밍 3 15ACH R7 3060 PRO,1,레노버,15.6,4,AMD,라이젠7-4세대,5800H ,미포함(프리도스),8,256,2.25,5,RTX3060,1319000
MSI GF시리즈 Sword GF66 A11UE 블랙 16GB램,1,MSI,15.6,4,인텔,코어i7-11세대,i7-11800H ,미포함(프리도스),16,512,2.25,5,RTX3060,1390390
삼성전자 갤럭시북 이온2 NT930XDZ-A58AW,2,삼성전자,13.3,3,인텔,코어i5-11세대,i5-1135G7 ,미포함(프리도스),8,256,1.15,1,Iris Xe,1339000
MSI GF시리즈 Sword GF66 A11UE 블랙,1,MSI,15.6,4,인텔,코어i7-11세대,i7-11800H ,미포함(프리도스),8,512,2.25,5,RTX3060,1349000
레노버 씽크패드 X13 20WKS07200,1,레노버,13.3,3,인텔,코어i5-11세대,i5-1135G7 ,미포함(프리도스),8,256,1.26,1,Iris Xe,1349000
LG전자 2022 그램17 17Z95N-G.ARFMK,2,LG전자,17,3,인텔,코어i5-11세대,i5-1135G7 ,윈도우11홈,8,512,1.35,1,Iris Xe,1362990
LG전자 2022 그램15 15Z95P-GA56K,2,LG전자,15.6,3,인텔,코어i5-11세대,i5-1155G7 ,윈도우11홈,16,512,1.12,1,Iris Xe,1483260
LG전자 2022 그램17 17ZD95P-GX56K WIN10,2,LG전자,17,3,인텔,코어i5-11세대,i5-1155G7 ,윈도우10,16,256,1.35,1,Iris Xe,1491540
ASUS TUF Gaming A17 FA707RM-HX016,1,ASUS,17.3,4,AMD,라이젠7-5세대,6800H ,미포함(프리도스),8,512,2.6,5,RTX3060,1451150
LG전자 2022 그램17 17ZD95P-GX56K,2,LG전자,17,3,인텔,코어i5-11세대,i5-1155G7 ,미포함(프리도스),16,256,1.35,1,Iris Xe,1453990
ASUS TUF Gaming F17 FX707ZC-HX035 16GB램,1,ASUS,17.3,5,인텔,코어i7-12세대,i7-12700H ,미포함(프리도스),16,512,2.6,4,RTX3050,1463440
LG전자 2022 그램15 15ZD95P-GX56K WIN10,2,LG전자,15.6,3,인텔,코어i5-11세대,i5-1155G7 ,윈도우10,16,512,1.12,1,Iris Xe,1420250
LG전자 2022 그램16 16Z95P-GR50K,2,LG전자,16,3,인텔,코어i5-11세대,i5-1155G7 ,윈도우11홈,8,256,1.19,1,Iris Xe,1449750
LG전자 2022 그램16 16ZD95P-GX56K,2,LG전자,16,3,인텔,코어i5-11세대,i5-1155G7 ,미포함(프리도스),16,256,1.19,1,Iris Xe,1447510
MSI GS시리즈 GS75 Stealth 10SE WIN10 32GB램,1,MSI,17.3,3,인텔,코어i7-10세대,i7-10750H ,윈도우10,32,512,2.4,5,RTX2060,1470200
LG전자 그램360 14TD90P-GXFBK,2,LG전자,14,3,인텔,코어i5-11세대,i5-1135G7 ,미포함(프리도스),16,256,1.25,1,Iris Xe,1401570
레노버 LEGION 5 17ACH R7 3060,1,레노버,17.3,4,AMD,라이젠7-4세대,5800H,미포함(프리도스),8,256,2.9,5,RTX3060,1468000
레노버 요가 Slim7 Carbon 14ACN6 82L00055KR,1,레노버,14,3,AMD,라이젠5-4세대,5600U ,미포함(프리도스),16,512,1.09,2,MX450,1418900
MSI 크리에이터 M16 A12UC,1,MSI,16,5,인텔,코어i7-12세대,i7-12700H ,미포함(프리도스),16,512,2.26,4,RTX3050,1498990
MSI GF시리즈 Sword GF76 A11UC 블랙 16GB램,1,MSI,17.3,4,인텔,코어i7-11세대,i7-11800H ,미포함(프리도스),16,1000,2.6,4,RTX3050,1436010
MSI GF시리즈 GF63 Thin 10SC-i7 WIN10 32GB램,1,MSI,15.6,3,인텔,코어i7-10세대,i7-10750H ,윈도우10,32,1000,1.77,3,GTX1650,1493650
MSI GF시리즈 GF63 Thin 11UC WIN10 16GB램,1,MSI,15.6,4,인텔,코어i7-11세대,i7-11800H ,윈도우10,16,1000,1.77,4,RTX3050,1423960
레노버 게이밍 3 15ACH R7 3060 PRO W10,1,레노버,15.6,4,AMD,라이젠7-4세대,5800H ,윈도우10,8,256,2.25,5,RTX3060,1468000
ASUS 비보북 프로 16X OLED M7600QE-L2081,1,ASUS,16,5,AMD,라이젠9-4세대,5900HX ,미포함(프리도스),16,512,1.95,4,RTX3050 Ti,1458680
MSI 프레스티지 15 A11UC,1,MSI,15.6,4,인텔,코어i7-11세대,i7-1195G7 ,미포함(프리도스),16,512,1.69,4,RTX3050,1450000
MSI GF시리즈 Sword GF76 A11UC 화이트 WIN10 32GB램,1,MSI,17.3,4,인텔,코어i7-11세대,i7-11800H ,윈도우10,32,512,2.6,4,RTX3050,1454990
MSI GF시리즈 Sword GF76 A11UC 블랙 WIN10 32GB램,1,MSI,17.3,4,인텔,코어i7-11세대,i7-11800H ,윈도우10,32,512,2.6,4,RTX3050,1454990
MSI GF시리즈 Sword GF66 A12UD 블랙,1,MSI,15.6,5,인텔,코어i7-12세대,i7-12700H ,미포함(프리도스),8,512,2.25,4,RTX3050 Ti,1470000
MSI GF시리즈 Sword GF76 A12UC,1,MSI,17.3,5,인텔,코어i7-12세대,i7-12700H ,미포함(프리도스),8,512,2.6,4,RTX3050,1490000
MSI GF시리즈 Sword GF66 A11UE 화이트 WIN10 16GB램,1,MSI,15.6,4,인텔,코어i7-11세대,i7-11800H ,윈도우10,16,512,2.25,5,RTX3060,1490000
MSI GF시리즈 Sword GF76 A11SC 화이트 WIN10 32GB램,1,MSI,17.3,4,인텔,코어i7-11세대,i7-11800H ,윈도우10,32,1000,2.6,3,GTX1650,1435230
MSI GF시리즈 Sword GF66 A11UD 블랙 WIN10,1,MSI,15.6,4,인텔,코어i7-11세대,i7-11800H ,윈도우10,8,1000,2.25,4,RTX3050 Ti,1410000
MSI GF시리즈 Sword GF66 A11UE 블랙 WIN10 16GB램,1,MSI,15.6,4,인텔,코어i7-11세대,i7-11800H ,윈도우10,16,512,2.25,5,RTX3060,1454170
MSI GF시리즈 Sword GF76 A11SC 블랙 WIN10 32GB램,1,MSI,17.3,4,인텔,코어i7-11세대,i7-11800H ,윈도우10,32,1000,2.6,4,GTX1650,1442990
MSI GF시리즈 Sword GF66 A12UD 화이트,1,MSI,15.6,5,인텔,코어i7-12세대,i7-12700H ,미포함(프리도스),8,512,2.25,4,RTX3050 Ti,1470000
삼성전자 갤럭시북 플렉스 NT930QCG-K58,2,삼성전자,13.3,2,인텔,코어i5-10세대,,윈도우10,8,256,1.16,1,Iris Plus,1459000
레노버 요가 Slim7 Carbon 14ACN6 82L0004YKR,1,레노버,14,4,AMD,라이젠7-4세대,5800U ,미포함(프리도스),16,1000,1.09,2,MX450,1569000
LG전자 2021 그램17 17ZD90P-GX7TK,2,LG전자,17,4,인텔,코어i7-11세대,i7-1165G7 ,미포함(프리도스),16,256,1.35,1,Iris Xe,1502720
HP 빅터스 16-d1142TX,1,HP,16.1,5,인텔,코어i7-12세대,i7-12700H ,미포함(프리도스),16,256,2.46,5,RTX3060,1580000
MSI GF시리즈 Sword GF76 A11UE 블랙,1,MSI,17.3,4,인텔,코어i7-11세대,i7-11800H ,미포함(프리도스),16,512,2.6,5,RTX3060,1546890
LG전자 2022 그램17 17ZD95P-GX56K WIN11,2,LG전자,17,3,인텔,코어i5-11세대,i5-1155G7 ,윈도우11(설치),16,256,1.35,1,Iris Xe,1507270
APPLE 2020 맥북프로13 MYD82KH/A,1,APPLE,13.3,5,애플(ARM),실리콘 M1,APL1102,macOS Big Sur,8,256,1.4,3,M1 8 core,1522790
삼성전자 갤럭시북2 프로 NT930XEW-A51A,2,삼성전자,13.3,4,인텔,코어i5-12세대,i5-1240P ,미포함(프리도스),16,256,1.15,1,Iris Xe,1519050
MSI GF시리즈 Sword GF76 A11UC 화이트 WIN10 32GB램,1,MSI,17.3,4,인텔,코어i7-11세대,i7-11800H ,윈도우10,32,1000,2.6,4,RTX3050,1568850
삼성전자 갤럭시북2 프로 NT950XEW-A51A,2,삼성전자,15.6,4,인텔,코어i5-12세대,i5-1240P ,미포함(프리도스),16,256,1.11,1,Iris Xe,1589450
LG전자 2022 그램16 16ZD95P-GX56K WIN10,2,LG전자,16,3,인텔,코어i5-11세대,i5-1155G7 ,윈도우10,16,512,1.19,1,Iris Xe,1524520
MSI GF시리즈 Sword GF76 A11UE 블랙 WIN10,1,MSI,17.3,4,인텔,코어i7-11세대,i7-11800H ,윈도우10,16,512,2.6,5,RTX3060,1548970
레노버 LEGION 5 15ACH R7 3060 PRO W10P,1,레노버,15.6,4,AMD,라이젠7-4세대,5800H ,윈도우10 프로,8,512,2.4,5,RTX3060,1530000
HP 빅터스 16-d1141TX,1,HP,16.1,5,인텔,코어i7-12세대,i7-12700H ,미포함(프리도스),16,256,2.46,5,RTX3060,1599000
ASUS 젠북 듀오 UX482EA-KA111T,1,ASUS,14,4,인텔,코어i7-11세대,i7-1165G7 ,윈도우10,16,1000,1.62,1,Iris Xe,1598990
삼성전자 노트북 플러스2 NT560XDZ-G78A WIN10 16GB램,2,삼성전자,15.6,4,인텔,코어i7-11세대,i7-1165G7 ,윈도우10,16,256,1.85,3,GTX1650 Ti,1590000
삼성전자 갤럭시북 프로 NT950XDB-K71A,2,삼성전자,15.6,4,인텔,코어i7-11세대,i7-1165G7 ,윈도우10,16,256,1.05,1,Iris Xe,1568640
MSI GF시리즈 Sword GF76 A11UC 블랙 WIN10 16GB램,1,MSI,17.3,4,인텔,코어i7-11세대,i7-11800H ,윈도우10,16,1000,2.6,4,RTX3050,1508560
레노버 LEGION 5 15ACH R7 3060 PRO,1,레노버,15.6,4,AMD,라이젠7-4세대,5800H ,미포함(프리도스),8,512,2.4,5,RTX3060,1520000
HP 빅터스 16-d1134TX,1,HP,16.1,5,인텔,코어i7-12세대,i7-12700H ,윈도우11홈,16,512,2.46,4,RTX3050 Ti,1590000
MSI GF시리즈 Sword GF76 A11UE 화이트 WIN10,1,MSI,17.3,4,인텔,코어i7-11세대,i7-11800H ,윈도우10,16,512,2.6,5,RTX3060,1557990
MSI 프레스티지 14 A11SCX 화이트 WIN10,1,MSI,14,4,인텔,코어i7-11세대,i7-1185G7 ,윈도우10,16,1000,1.29,3,GTX1650,1522790
LG전자 2022 그램17 17ZD95P-GX56K WIN10,2,LG전자,17,3,인텔,코어i5-11세대,i5-1155G7 ,윈도우10,16,500,1.35,1,Iris Xe,1557740
삼성전자 갤럭시북 프로360 NT950QDY-A51A,2,삼성전자,15.6,3,인텔,코어i5-11세대,i5-1135G7 ,미포함(프리도스),8,256,1.39,1,Iris Xe,1549900
MSI GF시리즈 Sword GF76 A12UD,1,MSI,17.3,5,인텔,코어i7-12세대,i7-12700H ,미포함(프리도스),8,512,2.6,4,RTX3050 Ti,1540000
ASUS TUF Dash F15 FX516PR-AZ019,1,ASUS,15.6,4,인텔,코어i7-11세대,i7-11370H ,미포함(프리도스),16,1000,2,6,RTX3070,1599000
MSI GF시리즈 Sword GF66 A11UE 블랙 32GB램,1,MSI,15.6,4,인텔,코어i7-11세대,i7-11800H ,미포함(프리도스),32,512,2.25,5,RTX3060,1504090
MSI 모던시리즈 모던14 B5M-R7 WIN10 64GB램,1,MSI,14,4,AMD,라이젠7-4세대,5700U ,윈도우10,64,1000,1.3,1,Radeon Graphics,1550990
MSI GF시리즈 Sword GF66 A11UE 화이트 32GB램,1,MSI,15.6,4,인텔,코어i7-11세대,i7-11800H ,미포함(프리도스),32,512,2.25,5,RTX3060,1508340
MSI GL시리즈 Pulse GL76 11UEK,1,MSI,17.3,4,인텔,코어i7-11세대,i7-11800H ,미포함(프리도스),8,512,2.6,5,RTX3060,1599000
MSI GF시리즈 Sword GF76 A11UE 화이트,1,MSI,17.3,4,인텔,코어i7-11세대,i7-11800H ,미포함(프리도스),16,512,2.6,5,RTX3060,1530000
레노버 LEGION 5 Pro 16ACH R7 STORM,1,레노버,16,4,AMD,라이젠7-4세대,5800H ,미포함(프리도스),16,512,2.59,5,RTX3060,1659000
ASUS TUF Gaming F17 FX707ZM-HX037,1,ASUS,17.3,5,인텔,코어i7-12세대,i7-12700H ,미포함(프리도스),8,512,2.6,5,RTX3060,1649000
ASUS ROG STRIX G17 G713RM-KH053,1,ASUS,17.3,4,AMD,라이젠7-5세대,6800H ,미포함(프리도스),8,512,2.9,5,RTX3060,1697270
ASUS TUF Dash F15 FX517ZM-HN118,1,ASUS,15.6,5,인텔,코어i7-12세대,i7-12650H ,미포함(프리도스),16,512,2,5,RTX3060,1637830
LG전자 2022 그램16 16ZD95P-GX76K,2,LG전자,16,4,인텔,코어i7-11세대,i7-1195G7 ,미포함(프리도스),16,512,1.19,1,Iris Xe,1608950
ASUS TUF Gaming A17 FA707RM-HX015,1,ASUS,17.3,4,AMD,라이젠7-5세대,6800H ,미포함(프리도스),16,1000,2.6,5,RTX3060,1638350
ASUS TUF Dash F15 FX516PR-HN002,1,ASUS,15.6,4,인텔,코어i7-11세대,i7-11370H ,미포함(프리도스),16,512,2,6,RTX3070,1602000
LG전자 2021 그램16 16ZD90P-GX7SK,2,LG전자,16,4,인텔,코어i7-11세대,i7-1165G7 ,미포함(프리도스),16,256,1.19,1,Iris Xe,1609990
MSI GF시리즈 Sword GF76 A11UE 블랙 WIN10 32GB램,1,MSI,17.3,4,인텔,코어i7-11세대,i7-11800H ,윈도우10,32,512,2.6,5,RTX3060,1652150
레노버 요가 Slim7 Carbon 14ACN6 82L0004XKR,1,레노버,14,4,AMD,라이젠7-4세대,5800H ,윈도우11홈,16,1000,1.09,2,MX450,1689000
삼성전자 갤럭시북 프로360 NT950QDB-KC58S,2,삼성전자,15.6,3,인텔,코어i5-11세대,i5-1135G7 ,윈도우10,8,256,1.39,1,Iris Xe,1683980
LG전자 2022 그램17 17ZD95P-GX76K,2,LG전자,17,4,인텔,코어i7-11세대,i7-1195G7 ,미포함(프리도스),16,512,1.35,1,Iris Xe,1644660
MSI 프레스티지 15 A12UC,1,MSI,15.6,5,인텔,코어i7-12세대,i7-1280P ,미포함(프리도스),16,512,1.69,4,RTX3050,1649000
MSI GP시리즈 GP66 Leopard 11UG,1,MSI,15.6,4,인텔,코어i7-11세대,i7-11800H ,미포함(프리도스),16,512,2.38,6,RTX3070,1699000
MSI GF시리즈 Sword GF66 A12UE 블랙,1,MSI,15.6,5,인텔,코어i7-12세대,i7-12700H ,미포함(프리도스),16,512,2.25,5,RTX3060,1699000
LG전자 2022 그램17 17ZD95P-GX56K WIN10,2,LG전자,17,3,인텔,코어i5-11세대,i5-1155G7 ,윈도우10,16,1000,1.35,1,Iris Xe,1624550
ASUS TUF Gaming F17 FX707ZC-HX035 16GB램,1,ASUS,17.3,5,인텔,코어i7-12세대,i7-12700H ,미포함(프리도스),16,512,2.6,4,RTX3050,1646180
MSI GF시리즈 Sword GF76 A11UE 블랙 WIN10,1,MSI,17.3,4,인텔,코어i7-11세대,i7-11800H ,윈도우10,16,512,2.6,5,RTX3060,1678990
MSI GF시리즈 Sword GF76 A11UE 블랙 32GB램,1,MSI,17.3,4,인텔,코어i7-11세대,i7-11800H ,미포함(프리도스),32,512,2.6,5,RTX3060,1625350
MSI GF시리즈 Sword GF66 A11UE 블랙 WIN10 32GB램,1,MSI,15.6,4,인텔,코어i7-11세대,i7-11800H ,윈도우10,32,512,2.25,5,RTX3060,1605500
MSI GF시리즈 Sword GF66 A11UE 화이트 WIN10 32GB램,1,MSI,15.6,4,인텔,코어i7-11세대,i7-11800H ,윈도우10,32,1000,2.25,5,RTX3060,1640420
MSI GF시리즈 Sword GF76 A11UE 화이트 WIN10,1,MSI,17.3,4,인텔,코어i7-11세대,i7-11800H ,윈도우10,16,512,2.6,5,RTX3060,1678990
MSI GF시리즈 Sword GF76 A11UE 화이트 WIN10 32GB램,1,MSI,17.3,4,인텔,코어i7-11세대,i7-11800H ,윈도우10,32,512,2.6,5,RTX3060,1652150
레노버 게이밍 3 15ACH R7 3060 PRO W10 16GB램,1,레노버,15.6,4,AMD,라이젠7-4세대,5800H ,윈도우10,16,500,2.25,5,RTX3060,1650000
MSI GF시리즈 Sword GF76 A11UE 화이트 32GB램,1,MSI,17.3,4,인텔,코어i7-11세대,i7-11800H ,미포함(프리도스),32,512,2.6,5,RTX3060,1612150
MSI 써밋 E13 Flip EVO A11MT 화이트,1,MSI,13.4,4,인텔,코어i7-11세대,i7-1185G7 ,윈도우10 프로,32,1000,1.35,1,Iris Xe,1698990
MSI 프레스티지 15 A11UC WIN10 32GB램,1,MSI,15.6,4,인텔,코어i7-11세대,i7-1195G7 ,윈도우10,32,512,1.69,4,RTX3050,1644200
MSI GF시리즈 Sword GF66 A12UE 화이트,1,MSI,15.6,5,인텔,코어i7-12세대,i7-12700H ,미포함(프리도스),16,512,2.25,5,RTX3060,1699000
MSI GL시리즈 Pulse GL76 11UDK WIN10 32GB램,1,MSI,17.3,4,인텔,코어i7-11세대,i7-11800H ,윈도우10,32,512,2.6,4,RTX3050 Ti,1698990
MSI GF시리즈 Sword GF76 A12UC 32GB램,1,MSI,17.3,5,인텔,코어i7-12세대,i7-12700H ,미포함(프리도스),32,512,2.6,4,RTX3050,1680000
삼성전자 갤럭시북2 프로360 NT950QED-KC71D,2,삼성전자,15.6,5,인텔,코어i7-12세대,i7-1260P ,윈도우11홈,16,512,1.41,1,Iris Xe,1799000
ASUS 젠북 14X OLED UX5401ZAS-KN050W 스페이스 에디션,1,ASUS,14,5,인텔,코어i7-12세대,i7-12700H ,윈도우11홈,16,512,1.4,1,Iris Xe,1709100
ASUS ROG STRIX G17 G713RM-LL121,1,ASUS,17.3,4,AMD,라이젠7-5세대,6800H ,미포함(프리도스),8,512,2.9,5,RTX3060,1736500
삼성전자 갤럭시북2 프로 NT950XEV-G51A,2,삼성전자,15.6,4,인텔,코어i5-12세대,i5-1240P ,미포함(프리도스),16,256,1.17,3,Arc A350M,1799000
레노버 LEGION 5i Pro 16ITH I7 STORM 3060,1,레노버,16,4,인텔,코어i7-11세대,i7-11800H ,미포함(프리도스),16,512,2.6,5,RTX3060,1729000
MSI GF시리즈 Sword GF76 A11UE 블랙 WIN10 32GB램,1,MSI,17.3,4,인텔,코어i7-11세대,i7-11800H ,윈도우10,32,1000,2.6,5,RTX3060,1710000
LG전자 2021 그램16 16ZD90P-GX7TK WIN10,2,LG전자,16,4,인텔,코어i7-11세대,i7-1165G7 ,윈도우10,16,1000,1.19,1,Iris Xe,1749990
MSI GF시리즈 Sword GF76 A12UE,1,MSI,17.3,5,인텔,코어i7-12세대,i7-12700H ,미포함(프리도스),16,512,2.6,5,RTX3060,1749000
LG전자 2022 그램17 17ZD95P-GX7BK WIN10,2,LG전자,17,4,인텔,코어i7-11세대,i7-1195G7 ,윈도우10,16,256,1.35,1,Iris Xe,1720540
레노버 LEGION 5 Pro 16ACH R7 STORM WIN10,1,레노버,16,4,AMD,라이젠7-4세대,5800H ,윈도우10,16,512,2.59,5,RTX3060,1713250
레노버 LEGION 5 Pro 16ACH R7 STORM,1,레노버,16,4,AMD,라이젠7-4세대,5800H ,미포함(프리도스),16,512,2.59,5,RTX3060,1778990
MSI Stealth 15M B12UE,1,MSI,15.6,5,인텔,코어i7-12세대,i7-1280P ,미포함(프리도스),16,512,1.8,5,RTX3060,1749000
LG전자 2021 그램17 17Z95N-OA7BK,2,LG전자,17,4,인텔,코어i7-11세대,i7-1165G7 ,윈도우10,16,512,1.35,1,Iris Xe,1800000
삼성전자 갤럭시북 프로 NT950XDC-X71A,2,삼성전자,15.6,4,인텔,코어i7-11세대,i7-1165G7 ,윈도우10,16,512,1.15,2,MX450,1749900
레노버 요가 7 15ITL I7 PRO W10,1,레노버,15.6,4,인텔,코어i7-11세대,i7-1165G7 ,윈도우10,16,512,1.9,1,Iris Xe,1790000
MSI GF시리즈 Sword GF76 A12UC WIN10 32GB램,1,MSI,17.3,5,인텔,코어i7-12세대,i7-12700H ,윈도우10,32,512,2.6,4,RTX3050,1781180
레노버 씽크패드 T15 G2 20W4S00100,1,레노버,15.6,4,인텔,코어i7-11세대,i7-1165G7 ,윈도우10 프로,16,512,1.79,2,MX450,1799000
HP 파빌리온 게이밍 15-dk2088TX 16GB램,1,HP,15.6,4,인텔,코어i7-11세대,i7-11370H ,미포함(프리도스),16,256,2.23,4,RTX3050 Ti,1790000
MSI GF시리즈 Sword GF76 A11UE 블랙 32GB램,1,MSI,17.3,4,인텔,코어i7-11세대,i7-11800H ,미포함(프리도스),32,1000,2.6,5,RTX3060,1740000
MSI GP시리즈 GP66 Leopard 11UG WIN10,1,MSI,15.6,4,인텔,코어i7-11세대,i7-11800H ,윈도우10,16,512,2.38,6,RTX3070,1791990
MSI GF시리즈 Sword GF76 A11UE 화이트 WIN10 32GB램,1,MSI,17.3,4,인텔,코어i7-11세대,i7-11800H ,윈도우10,32,1000,2.6,5,RTX3060,1740040
MSI GF시리즈 Sword GF76 A11UE 블랙,1,MSI,17.3,4,인텔,코어i7-11세대,i7-11800H ,미포함(프리도스),16,2000,2.6,5,RTX3060,1730000
MSI 프레스티지 14 A11SCX 화이트,1,MSI,14,4,인텔,코어i7-11세대,i7-1185G7 ,미포함(프리도스),16,512,1.29,3,GTX1650,1789990
MSI GL시리즈 Pulse GL66 11UEK WIN10 16GB램,1,MSI,15.6,4,인텔,코어i7-11세대,i7-11800H ,윈도우10,16,512,2.25,5,RTX3060,1710000
MSI GL시리즈 Pulse GL76 11UDK WIN10 32GB램,1,MSI,17.3,4,인텔,코어i7-11세대,i7-11800H ,윈도우10,32,1000,2.6,4,RTX3050 Ti,1795490
레노버 씽크패드 T14 Gen2 20W0S00E00,1,레노버,14,4,인텔,코어i7-11세대,i7-1165G7 ,윈도우10 프로,16,512,1.5,1,Iris Xe,1749000
MSI 크리에이터 M16 A12UC 32GB램,1,MSI,16,5,인텔,코어i7-12세대,i7-12700H ,미포함(프리도스),32,512,2.26,4,RTX3050,1767190
MSI GF시리즈 Sword GF76 A12UC WIN11 32GB램,1,MSI,17.3,5,인텔,코어i7-12세대,i7-12700H ,윈도우11(설치),32,512,2.6,4,RTX3050,1744990
MSI GF시리즈 Sword GF76 A11UE 블랙 WIN10,1,MSI,17.3,4,인텔,코어i7-11세대,i7-11800H ,윈도우10,16,512,2.6,5,RTX3060,1748990
MSI GL시리즈 Pulse GL66 11UDK WIN10 32GB램,1,MSI,15.6,4,인텔,코어i7-11세대,i7-11800H ,윈도우10,32,1000,2.25,4,RTX3050 Ti,1785040
LG전자 2022 그램16(12세대) 16ZD90Q-GX56K,2,LG전자,16,4,인텔,코어i5-12세대,i5-1240P ,미포함(프리도스),16,256,1.2,1,Iris Xe,1849000
ASUS TUF Dash F15 FX517ZM-HQ076,1,ASUS,15.6,5,인텔,코어i7-12세대,i7-12650H ,미포함(프리도스),16,1000,2,5,RTX3060,1849000
MSI GP시리즈 GP76 Leopard 11UG,1,MSI,17.3,4,인텔,코어i7-11세대,i7-11800H ,미포함(프리도스),16,512,2.9,6,RTX3070,1899000
LG전자 2021 그램17 17Z95N-OA7BK,2,LG전자,17,4,인텔,코어i7-11세대,i7-1165G7 ,윈도우10,16,512,1.35,1,Iris Xe,1800000
MSI 델타 15 A5EFK AMD 어드밴티지 에디션,1,MSI,15.6,5,AMD,라이젠9-4세대,5900HX ,미포함(프리도스),16,512,1.9,5,라데온 RX 6700M,1890000
MSI 프레스티지 15 A12UC WIN10,1,MSI,15.6,5,인텔,코어i7-12세대,i7-1280P ,윈도우10,16,512,1.69,4,RTX3050,1861040
MSI GF시리즈 Sword GF66 A12UD 블랙 WIN11 32GB램,1,MSI,15.6,5,인텔,코어i7-12세대,i7-12700H ,윈도우11(설치),32,1000,2.25,4,RTX3050 Ti,1842390
MSI GP시리즈 GP66 Leopard 11UG,1,MSI,15.6,4,인텔,코어i7-11세대,i7-11800H ,미포함(프리도스),16,512,2.38,6,RTX3070,1842390
삼성전자 갤럭시북 이온2 NT950XDA-X71AW,2,삼성전자,15.6,4,인텔,코어i7-11세대,i7-1165G7 ,윈도우10,16,512,1.26,2,MX450,1898870
MSI GF시리즈 Sword GF76 A11UE 화이트 WIN10 64GB램,1,MSI,17.3,4,인텔,코어i7-11세대,i7-11800H ,윈도우10,64,512,2.6,5,RTX3060,1852490
MSI GL시리즈 Pulse GL66 11UEK WIN10 32GB램,1,MSI,15.6,4,인텔,코어i7-11세대,i7-11800H ,윈도우10,32,512,2.25,5,RTX3060,1830000
LG전자 2022 그램16(12세대) 16ZD90Q-GX5LK,2,LG전자,16,4,인텔,코어i5-12세대,i5-1240P ,미포함(프리도스),16,256,1.2,1,Iris Xe,1819800
MSI GF시리즈 Sword GF76 A12UE WIN11,1,MSI,17.3,5,인텔,코어i7-12세대,i7-12700H ,윈도우11(설치),16,512,2.6,5,RTX3060,1898990
MSI GF시리즈 Sword GF76 A11UE 블랙 WIN10 64GB램,1,MSI,17.3,4,인텔,코어i7-11세대,i7-11800H ,윈도우10,64,512,2.6,5,RTX3060,1890000
MSI GP시리즈 GP66 Leopard 11UG 32GB램,1,MSI,15.6,4,인텔,코어i7-11세대,i7-11800H ,미포함(프리도스),32,512,2.38,6,RTX3070,1898990
MSI GF시리즈 Sword GF76 A11UE 블랙 64GB램,1,MSI,17.3,4,인텔,코어i7-11세대,i7-11800H ,미포함(프리도스),64,512,2.6,5,RTX3060,1810000
MSI GF시리즈 Sword GF76 A11UE 화이트,1,MSI,17.3,4,인텔,코어i7-11세대,i7-11800H ,미포함(프리도스),16,2000,2.6,5,RTX3060,1880000
MSI GP시리즈 GP66 Leopard 11UG QHD,1,MSI,15.6,4,인텔,코어i7-11세대,i7-11800H ,미포함(프리도스),16,512,2.38,6,RTX3070,1899000
레노버 LEGION 5 Pro 16ACH R7 STORM W10P,1,레노버,16,4,AMD,라이젠7-4세대,5800H ,윈도우10 프로,16,512,2.6,5,RTX3060,1889000
MSI 프레스티지 15 A11UC WIN10 32GB램,1,MSI,15.6,4,인텔,코어i7-11세대,i7-1195G7 ,윈도우10,32,1000,1.7,4,RTX3050,1823000
MSI GF시리즈 Sword GF76 A11UE 블랙 WIN10,1,MSI,17.3,4,인텔,코어i7-11세대,i7-11800H ,윈도우10,16,1000,2.6,5,RTX3060,1898960
MSI GF시리즈 Sword GF76 A12UC WIN10 16GB램,1,MSI,17.3,5,인텔,코어i7-12세대,i7-12700H ,윈도우10,16,1000,2.6,4,RTX3050,1870000
MSI GF시리즈 Sword GF66 A12UC 화이트 WIN10 32GB램,1,MSI,15.6,5,인텔,코어i7-12세대,i7-12700H ,윈도우10,32,1000,2.25,4,RTX3050,1841020
MSI 프레스티지 15 A11UC WIN10 64GB램,1,MSI,15.6,4,인텔,코어i7-11세대,i7-1195G7 ,윈도우10,64,512,1.69,4,RTX3050,1823040
MSI 크리에이터 M16 A12UC,1,MSI,16,5,인텔,코어i7-12세대,i7-12700H ,미포함(프리도스),16,1000,2.26,4,RTX3050,1830120
MSI GF시리즈 Sword GF76 A11UE 화이트 64GB램,1,MSI,17.3,4,인텔,코어i7-11세대,i7-11800H ,미포함(프리도스),64,512,2.6,5,RTX3060,1830000
MSI GL시리즈 Pulse GL66 11UEK WIN10 16GB램,1,MSI,15.6,4,인텔,코어i7-11세대,i7-11800H ,윈도우10,16,1000,2.25,5,RTX3060,1830000
MSI 크리에이터 M16 A12UC WIN10 32GB램,1,MSI,16,5,인텔,코어i7-12세대,i7-12700H ,윈도우10,32,512,2.26,4,RTX3050,1832990
삼성전자 갤럭시북 프로 NT935XDB-K58AB LTE,2,삼성전자,13.3,3,인텔,코어i5-11세대,i5-1130G7 ,윈도우10,8,256,1.15,1,Iris Xe,1848990
MSI GF시리즈 Sword GF76 A11UE 화이트 WIN10,1,MSI,17.3,4,인텔,코어i7-11세대,i7-11800H ,윈도우10,16,2000,2.6,5,RTX3060,1880000
MSI GP시리즈 GP76 Leopard 11UG,1,MSI,17.3,4,인텔,코어i7-11세대,i7-11800H ,미포함(프리도스),16,512,2.9,6,RTX3070,1965120
MSI GF시리즈 Sword GF66 A12UE 블랙 WIN10,1,MSI,15.6,5,인텔,코어i7-12세대,i7-12700H ,윈도우10,16,512,2.25,5,RTX3060,1931430
삼성전자 갤럭시북2 프로360 NT930QEW-A51A,2,삼성전자,13.3,4,인텔,코어i5-12세대,i5-1240P ,미포함(프리도스),16,256,1.04,1,Iris Xe,1949000
MSI GF시리즈 Sword GF76 A12UD WIN10 32GB램,1,MSI,17.3,5,인텔,코어i7-12세대,i7-12700H ,윈도우10,32,1000,2.6,4,RTX3050 Ti,1930000
DELL G15 DG5520-WH03KR,1,DELL,15.6,5,인텔,코어i7-12세대,i7-12700H ,윈도우11홈,16,512,2.67,5,RTX3060,1949000
MSI 써밋 E13 Flip Evo A12MT W11,1,MSI,13.4,5,인텔,코어i7-12세대,i7-1280P ,윈도우11홈,16,1000,1.35,1,Iris Xe,1998970
MSI GF시리즈 Sword GF76 A12UC WIN11 64GB램,1,MSI,17.3,5,인텔,코어i7-12세대,i7-12700H ,윈도우11(설치),64,512,2.6,4,RTX3050,1948990
MSI GP시리즈 GP66 Leopard 11UG,1,MSI,15.6,4,인텔,코어i7-11세대,i7-11800H ,미포함(프리도스),16,2000,2.38,6,RTX3070,1973990
LG전자 그램360 16T90P-GR5BK,2,LG전자,16,3,인텔,코어i5-11세대,i5-1135G7 ,윈도우11홈,8,256,1.48,1,Iris Xe,1929990
레노버 LEGION 5 Pro 16ACH R7 STORM 3070,1,레노버,16,4,AMD,라이젠7-4세대,5800H ,미포함(프리도스),32,512,2.59,6,RTX3070,1994000
MSI GF시리즈 Sword GF76 A12UE WIN11 32GB램,1,MSI,17.3,5,인텔,코어i7-12세대,i7-12700H ,윈도우11(설치),32,512,2.6,5,RTX3060,1997990
MSI GP시리즈 GP66 Leopard 11UG WIN10 32GB램,1,MSI,15.6,4,인텔,코어i7-11세대,i7-11800H ,윈도우10,32,512,2.38,6,RTX3070,1938990
삼성전자 갤럭시북2 프로360 NT950QEW-A51A,2,삼성전자,15.6,4,인텔,코어i5-12세대,i5-1240P ,미포함(프리도스),16,256,1.41,1,Iris Xe,1946550
MSI GF시리즈 Sword GF76 A12UC WIN10 32GB램,1,MSI,17.3,5,인텔,코어i7-12세대,i7-12700H ,윈도우10,32,1000,2.6,4,RTX3050,1990000
MSI 크리에이터 17 A10SD HDR,1,MSI,17.3,3,인텔,코어i7-10세대,i7-10750H ,미포함(프리도스),16,512,2.5,5,GTX1660 Ti,1990000
MSI GF시리즈 Sword GF76 A12UE 32GB램,1,MSI,17.3,5,인텔,코어i7-12세대,i7-12700H ,미포함(프리도스),32,512,2.6,5,RTX3060,1978990
삼성전자 갤럭시북2 프로 NT930XED-K71A,2,삼성전자,13.3,5,인텔,코어i7-12세대,i7-1260P ,윈도우11홈,16,512,1.15,1,Iris Xe,1946550
레노버 요가 7 15ITL I7 PRO W10,1,레노버,15.6,4,인텔,코어i7-11세대,i7-1165G7 ,윈도우10,16,1000,1.9,1,Iris Xe,1955500
삼성전자 갤럭시북 플렉스2 5G NT930QCA-KC71S,2,삼성전자,13.3,4,인텔,코어i7-11세대,i7-1165G7 ,윈도우10,16,512,1.26,1,Iris Xe,1989990
MSI GP시리즈 GP76 Leopard 11UG WIN10,1,MSI,17.3,4,인텔,코어i7-11세대,i7-11800H ,윈도우10,16,512,2.9,6,RTX3070,1982990
삼성전자 갤럭시북2 프로360 NT930QED-KC51S,2,삼성전자,13.3,4,인텔,코어i5-12세대,i5-1240P ,윈도우11홈,16,256,1.04,1,Iris Xe,1961570
MSI 써밋 E16 Flip EVO A11MT,1,MSI,16,4,인텔,코어i7-11세대,i7-1195G7 ,윈도우10 프로,16,1000,2,1,Iris Xe,1990000
MSI GP시리즈 GP76 Leopard 11UG 32GB램,1,MSI,17.3,4,인텔,코어i7-11세대,i7-11800H ,미포함(프리도스),32,512,2.9,6,RTX3070,1998000
레노버 씽크패드 T15 G2 20W4S00200,1,레노버,15.6,4,인텔,코어i7-11세대,i7-1165G7 ,윈도우10 프로,16,512,1.79,2,MX450,1998990
MSI GF시리즈 Sword GF76 A11UE 블랙 WIN10 32GB램,1,MSI,17.3,4,인텔,코어i7-11세대,i7-11800H ,윈도우10,32,512,2.6,5,RTX3060,1940000
MSI GF시리즈 Sword GF76 A11UE 블랙 WIN10 64GB램,1,MSI,17.3,4,인텔,코어i7-11세대,i7-11800H ,윈도우10,64,1000,2.6,5,RTX3060,1953590
MSI GF시리즈 Sword GF76 A12UE WIN10,1,MSI,17.3,5,인텔,코어i7-12세대,i7-12700H ,윈도우10,16,512,2.6,5,RTX3060,1947270
삼성전자 갤럭시북 플렉스 알파 NT750QCR-A78A,2,삼성전자,15.6,3,인텔,코어i7-10세대,i7-10510U ,미포함(프리도스),8,256,1.63,1,UHD Graphics,1990000
MSI GF시리즈 Sword GF76 A12UC 64GB램,1,MSI,17.3,5,인텔,코어i7-12세대,i7-12700H ,미포함(프리도스),64,512,2.6,4,RTX3050,1929000
MSI 크리에이터 M16 A12UC 64GB램,1,MSI,16,5,인텔,코어i7-12세대,i7-12700H ,미포함(프리도스),64,512,2.26,4,RTX3050,1973990
LG전자 2022 그램16(12세대) 16ZD90Q-EX56K,2,LG전자,16,4,인텔,코어i5-12세대,i5-1240P ,미포함(프리도스),16,256,1.3,5,RTX2050,2049000
LG전자 2022 그램17(12세대) 17ZD90Q-EX76K,2,LG전자,17,5,인텔,코어i7-12세대,i7-1260P ,미포함(프리도스),16,256,1.4,5,RTX2050,2349000
ASUS ROG SCAR G733ZM-LL035,1,ASUS,17.3,5,인텔,코어i7-12세대,i7-12700H ,미포함(프리도스),16,1000,2.9,5,RTX3060,2199000
ASUS ROG 제피러스 M16 GU603ZM-K8056W,1,ASUS,16,6,인텔,코어i9-12세대,i9-12900H ,윈도우11홈,16,512,1.9,5,RTX3060,2499000
MSI GP시리즈 Vector GP76 12UGS QHD,1,MSI,17.3,5,인텔,코어i7-12세대,i7-12700H ,미포함(프리도스),16,512,2.9,6,RTX3070 Ti,2628990
삼성전자 갤럭시북2 프로 NT950XEE-X71A,2,삼성전자,15.6,5,인텔,코어i7-12세대,i7-1260P ,윈도우11홈,16,1000,1.17,3,Arc A350M,2136540
APPLE 2021 맥북프로16 MK183KH/A,1,APPLE,16.2,5,애플(ARM),실리콘 M1 PRO,APL1103,macOS Monterey,16,512,2.1,3,M1 8 core,3060280
APPLE 2021 맥북프로16 MK193KH/A,1,APPLE,16.2,5,애플(ARM),실리콘 M1 PRO,APL1103,macOS Monterey,16,512,2.1,3,M1 8 core,3306200
삼성전자 갤럭시북2 프로360 NT930QED-K71A,2,삼성전자,13.3,5,인텔,코어i7-12세대,i7-1260P ,윈도우11홈,16,512,1.04,1,Iris Xe,2349000
삼성전자 갤럭시북2 프로360 NT950QED-K71A,2,삼성전자,15.6,5,인텔,코어i7-12세대,i7-1260P ,윈도우11홈,16,512,1.41,1,Iris Xe,2326550
LG전자 2022 그램17(12세대) 17Z90Q-EA76K,2,LG전자,17,5,인텔,코어i7-12세대,i7-1260P ,윈도우11홈,16,512,1.45,5,RTX2050,2609000
MSI GP시리즈 Vector GP76 12UGS 32GB램,1,MSI,17.3,5,인텔,코어i7-12세대,i7-12700H ,미포함(프리도스),32,512,2.9,6,RTX3070 Ti,2688390
LG전자 2021 울트라기어 17UD70P-PX76K WIN10 32GB램,2,LG전자,17,4,인텔,코어i7-11세대,i7-1165G7 ,윈도우10,32,256,1.95,5,GTX1650 Ti,2101130
MSI GE시리즈 레이더 GE76 12UGS QHD,1,MSI,17.3,5,인텔,코어i7-12세대,i7-12700H ,미포함(프리도스),32,1000,2.9,6,RTX3070 Ti,3990000
ASUS ROG SCAR G733ZS-LL015,1,ASUS,17.3,6,인텔,코어i9-12세대,i9-12900H ,미포함(프리도스),16,1000,2.9,6,RTX3080,3299000
ASUS ROG 제피러스 M16 GU603ZX-K8001W,1,ASUS,16,6,인텔,코어i9-12세대,i9-12900H ,윈도우11홈,16,1000,1.9,6,RTX3080 Ti,4349000
MSI 크리에이터 Z16 A11UE WIN10,1,MSI,16,4,인텔,코어i7-11세대,i7-11800H ,윈도우10 프로,16,512,2.2,5,RTX3060,2098990
MSI GE시리즈 레이더 GE66 12UGS QHD,1,MSI,15.6,5,인텔,코어i7-12세대,i7-12700H ,미포함(프리도스),16,1000,2.38,6,RTX3070 Ti,3130000
ASUS ROG SCAR G733ZM-LL035 24GB램,1,ASUS,17.3,5,인텔,코어i7-12세대,i7-12700H ,미포함(프리도스),24,1000,2.9,5,RTX3060,2450000
MSI GS시리즈 Stealth GS66 12UGS QHD,1,MSI,15.6,5,인텔,코어i7-12세대,i7-12700H ,미포함(프리도스),32,1000,2.1,6,RTX3070 Ti,3250800
MSI GE시리즈 레이더 GE76 12UH-i9 4K WIN10,1,MSI,17.3,6,인텔,코어i9-12세대,i9-12900HK ,윈도우10,32,1000,2.9,6,RTX3080,4990000
MSI GP시리즈 Vector GP66 12UH 32GB램,1,MSI,15.6,6,인텔,코어i9-12세대,i9-12900H ,미포함(프리도스),32,1000,2.38,6,RTX3080,3370000
MSI GE시리즈 레이더 GE76 12UH-i9 4K WIN11,1,MSI,17.3,6,인텔,코어i9-12세대,i9-12900HK ,윈도우11(설치),32,2000,2.9,6,RTX3080,4662390
APPLE 2021 맥북프로14 MKGQ3KH/A,1,APPLE,14.2,5,애플(ARM),실리콘 M1 PRO,APL1103,macOS Monterey,16,1000,1.6,3,M1 8 core,3072640
APPLE 2021 맥북프로14 MKGP3KH/A,1,APPLE,14.2,5,애플(ARM),실리콘 M1 PRO,APL1103,macOS Monterey,16,512,1.6,3,M1 8 core,3048990
MSI GP시리즈 Vector GP66 12UGS,1,MSI,15.6,5,인텔,코어i7-12세대,i7-12700H ,미포함(프리도스),16,1000,2.38,5,RTX3070 Ti,2459600
LG전자 2022 그램360 16T90Q-GA79K,2,LG전자,16,5,인텔,코어i7-12세대,i7-1260P ,윈도우11홈,16,512,1.48,1,Iris Xe,2439000
ASUS ROG Flow X13 GV301QE-K6052T,1,ASUS,13.4,5,AMD,라이젠9-4세대,5900HS ,윈도우10,16,1000,1.3,4,RTX3050 Ti,2190000
삼성전자 갤럭시북 프로360 5G NT935QDB-KC71S,2,삼성전자,13.3,4,인텔,코어i7-11세대,i7-1160G7 ,윈도우11홈,16,512,1.07,1,Iris Xe,2024970
HP 엔비 15-ep1063TX W11,1,HP,15.6,6,인텔,코어i9-11세대,i9-11900H ,윈도우11홈,32,512,2.15,5,RTX3060,2599000
